month,year,active_employee_count,total_pf_contribution_inr,compliance_status,business_id
07,2024,13,23400.0,On-Time,MSME_086391780
08,2024,13,23400.0,On-Time,MSME_086391780
09,2024,13,23400.0,On-Time,MSME_086391780
10,2024,13,23400.0,On-Time,MSME_086391780
11,2024,13,23400.0,On-Time,MSME_086391780
12,2024,13,23400.0,On-Time,MSME_086391780
01,2025,13,23400.0,On-Time,MSME_086391780
02,2025,13,23400.0,On-Time,MSME_086391780
03,2025,13,23400.0,On-Time,MSME_086391780
04,2025,14,25200.0,Delayed,MSME_086391780
05,2025,14,25200.0,On-Time,MSME_086391780
06,2025,14,25200.0,On-Time,MSME_086391780
07,2025,14,25200.0,On-Time,MSME_086391780
08,2025,14,25200.0,On-Time,MSME_086391780
09,2025,14,25200.0,On-Time,MSME_086391780
10,2025,14,25200.0,On-Time,MSME_086391780
11,2025,14,25200.0,On-Time,MSME_086391780
12,2025,14,25200.0,On-Time,MSME_086391780
01,2026,15,27000.0,Delayed,MSME_086391780
02,2026,15,27000.0,On-Time,MSME_086391780
03,2026,15,27000.0,On-Time,MSME_086391780
04,2026,15,27000.0,Delayed,MSME_086391780
05,2026,15,27000.0,On-Time,MSME_086391780
06,2026,15,27000.0,On-Time,MSME_086391780
07,2024,17,30600.0,On-Time,MSME_677785212
08,2024,17,30600.0,On-Time,MSME_677785212
09,2024,17,30600.0,On-Time,MSME_677785212
10,2024,17,30600.0,On-Time,MSME_677785212
11,2024,17,30600.0,On-Time,MSME_677785212
12,2024,17,30600.0,On-Time,MSME_677785212
01,2025,17,30600.0,On-Time,MSME_677785212
02,2025,18,32400.0,On-Time,MSME_677785212
03,2025,18,32400.0,On-Time,MSME_677785212
04,2025,18,32400.0,On-Time,MSME_677785212
05,2025,18,32400.0,On-Time,MSME_677785212
06,2025,18,32400.0,On-Time,MSME_677785212
07,2025,18,32400.0,On-Time,MSME_677785212
08,2025,18,32400.0,On-Time,MSME_677785212
09,2025,19,34200.0,On-Time,MSME_677785212
10,2025,19,34200.0,On-Time,MSME_677785212
11,2025,19,34200.0,On-Time,MSME_677785212
12,2025,19,34200.0,On-Time,MSME_677785212
01,2026,19,34200.0,On-Time,MSME_677785212
02,2026,19,34200.0,On-Time,MSME_677785212
03,2026,19,34200.0,Delayed,MSME_677785212
04,2026,20,36000.0,On-Time,MSME_677785212
05,2026,20,36000.0,On-Time,MSME_677785212
06,2026,20,36000.0,On-Time,MSME_677785212
07,2024,18,32400.0,On-Time,MSME_178086026
08,2024,18,32400.0,On-Time,MSME_178086026
09,2024,18,32400.0,On-Time,MSME_178086026
10,2024,18,32400.0,On-Time,MSME_178086026
11,2024,18,32400.0,On-Time,MSME_178086026
12,2024,18,32400.0,On-Time,MSME_178086026
01,2025,18,32400.0,On-Time,MSME_178086026
02,2025,19,34200.0,On-Time,MSME_178086026
03,2025,19,34200.0,On-Time,MSME_178086026
04,2025,19,34200.0,On-Time,MSME_178086026
05,2025,19,34200.0,On-Time,MSME_178086026
06,2025,19,34200.0,On-Time,MSME_178086026
07,2025,19,34200.0,On-Time,MSME_178086026
08,2025,20,36000.0,On-Time,MSME_178086026
09,2025,20,36000.0,On-Time,MSME_178086026
10,2025,20,36000.0,On-Time,MSME_178086026
11,2025,20,36000.0,On-Time,MSME_178086026
12,2025,20,36000.0,On-Time,MSME_178086026
01,2026,20,36000.0,On-Time,MSME_178086026
02,2026,20,36000.0,On-Time,MSME_178086026
03,2026,21,37800.0,On-Time,MSME_178086026
04,2026,21,37800.0,On-Time,MSME_178086026
05,2026,21,37800.0,Delayed,MSME_178086026
06,2026,21,37800.0,On-Time,MSME_178086026
07,2024,6,10800.0,Delayed,MSME_602830083
08,2024,5,9000.0,Delayed,MSME_602830083
09,2024,5,9000.0,On-Time,MSME_602830083
10,2024,5,9000.0,Delayed,MSME_602830083
11,2024,5,9000.0,On-Time,MSME_602830083
12,2024,5,9000.0,Delayed,MSME_602830083
01,2025,5,9000.0,On-Time,MSME_602830083
02,2025,5,9000.0,Delayed,MSME_602830083
03,2025,5,9000.0,Delayed,MSME_602830083
04,2025,5,9000.0,Delayed,MSME_602830083
05,2025,5,9000.0,Delayed,MSME_602830083
06,2025,5,9000.0,Delayed,MSME_602830083
07,2025,5,9000.0,Delayed,MSME_602830083
08,2025,5,9000.0,Delayed,MSME_602830083
09,2025,5,9000.0,Delayed,MSME_602830083
10,2025,5,9000.0,Delayed,MSME_602830083
11,2025,5,9000.0,Delayed,MSME_602830083
12,2025,5,9000.0,Delayed,MSME_602830083
01,2026,5,9000.0,Delayed,MSME_602830083
02,2026,5,9000.0,Delayed,MSME_602830083
03,2026,4,7200.0,Delayed,MSME_602830083
04,2026,4,7200.0,On-Time,MSME_602830083
05,2026,4,7200.0,Delayed,MSME_602830083
06,2026,4,7200.0,On-Time,MSME_602830083
07,2024,24,43200.0,On-Time,MSME_464024553
08,2024,24,43200.0,On-Time,MSME_464024553
09,2024,24,43200.0,On-Time,MSME_464024553
10,2024,24,43200.0,On-Time,MSME_464024553
11,2024,24,43200.0,On-Time,MSME_464024553
12,2024,25,45000.0,On-Time,MSME_464024553
01,2025,25,45000.0,On-Time,MSME_464024553
02,2025,25,45000.0,On-Time,MSME_464024553
03,2025,25,45000.0,On-Time,MSME_464024553
04,2025,25,45000.0,On-Time,MSME_464024553
05,2025,26,46800.0,On-Time,MSME_464024553
06,2025,26,46800.0,On-Time,MSME_464024553
07,2025,26,46800.0,On-Time,MSME_464024553
08,2025,26,46800.0,On-Time,MSME_464024553
09,2025,26,46800.0,On-Time,MSME_464024553
10,2025,27,48600.0,On-Time,MSME_464024553
11,2025,27,48600.0,On-Time,MSME_464024553
12,2025,27,48600.0,On-Time,MSME_464024553
01,2026,27,48600.0,On-Time,MSME_464024553
02,2026,27,48600.0,On-Time,MSME_464024553
03,2026,28,50400.0,On-Time,MSME_464024553
04,2026,28,50400.0,On-Time,MSME_464024553
05,2026,28,50400.0,On-Time,MSME_464024553
06,2026,28,50400.0,On-Time,MSME_464024553
07,2024,17,30600.0,Delayed,MSME_182380024
08,2024,16,28800.0,Delayed,MSME_182380024
09,2024,16,28800.0,On-Time,MSME_182380024
10,2024,16,28800.0,Delayed,MSME_182380024
11,2024,16,28800.0,Delayed,MSME_182380024
12,2024,16,28800.0,On-Time,MSME_182380024
01,2025,16,28800.0,On-Time,MSME_182380024
02,2025,15,27000.0,Delayed,MSME_182380024
03,2025,15,27000.0,On-Time,MSME_182380024
04,2025,15,27000.0,On-Time,MSME_182380024
05,2025,15,27000.0,On-Time,MSME_182380024
06,2025,15,27000.0,On-Time,MSME_182380024
07,2025,15,27000.0,Delayed,MSME_182380024
08,2025,15,27000.0,Delayed,MSME_182380024
09,2025,14,25200.0,Delayed,MSME_182380024
10,2025,14,25200.0,Delayed,MSME_182380024
11,2025,14,25200.0,Delayed,MSME_182380024
12,2025,14,25200.0,On-Time,MSME_182380024
01,2026,14,25200.0,On-Time,MSME_182380024
02,2026,14,25200.0,Delayed,MSME_182380024
03,2026,14,25200.0,Delayed,MSME_182380024
04,2026,13,23400.0,Delayed,MSME_182380024
05,2026,13,23400.0,On-Time,MSME_182380024
06,2026,13,23400.0,On-Time,MSME_182380024
07,2024,21,37800.0,On-Time,MSME_389744086
08,2024,21,37800.0,Delayed,MSME_389744086
09,2024,21,37800.0,Delayed,MSME_389744086
10,2024,21,37800.0,On-Time,MSME_389744086
11,2024,21,37800.0,On-Time,MSME_389744086
12,2024,21,37800.0,On-Time,MSME_389744086
01,2025,21,37800.0,On-Time,MSME_389744086
02,2025,21,37800.0,On-Time,MSME_389744086
03,2025,21,37800.0,On-Time,MSME_389744086
04,2025,21,37800.0,On-Time,MSME_389744086
05,2025,21,37800.0,On-Time,MSME_389744086
06,2025,21,37800.0,On-Time,MSME_389744086
07,2025,21,37800.0,On-Time,MSME_389744086
08,2025,21,37800.0,On-Time,MSME_389744086
09,2025,21,37800.0,Delayed,MSME_389744086
10,2025,21,37800.0,On-Time,MSME_389744086
11,2025,21,37800.0,On-Time,MSME_389744086
12,2025,21,37800.0,Delayed,MSME_389744086
01,2026,21,37800.0,On-Time,MSME_389744086
02,2026,21,37800.0,On-Time,MSME_389744086
03,2026,21,37800.0,Delayed,MSME_389744086
04,2026,21,37800.0,On-Time,MSME_389744086
05,2026,22,39600.0,On-Time,MSME_389744086
06,2026,22,39600.0,On-Time,MSME_389744086
07,2024,7,12600.0,On-Time,MSME_376463019
08,2024,7,12600.0,On-Time,MSME_376463019
09,2024,7,12600.0,On-Time,MSME_376463019
10,2024,7,12600.0,On-Time,MSME_376463019
11,2024,7,12600.0,On-Time,MSME_376463019
12,2024,7,12600.0,On-Time,MSME_376463019
01,2025,7,12600.0,On-Time,MSME_376463019
02,2025,7,12600.0,On-Time,MSME_376463019
03,2025,7,12600.0,On-Time,MSME_376463019
04,2025,7,12600.0,On-Time,MSME_376463019
05,2025,7,12600.0,On-Time,MSME_376463019
06,2025,7,12600.0,On-Time,MSME_376463019
07,2025,7,12600.0,On-Time,MSME_376463019
08,2025,7,12600.0,On-Time,MSME_376463019
09,2025,7,12600.0,On-Time,MSME_376463019
10,2025,7,12600.0,On-Time,MSME_376463019
11,2025,7,12600.0,Delayed,MSME_376463019
12,2025,8,14400.0,On-Time,MSME_376463019
01,2026,8,14400.0,On-Time,MSME_376463019
02,2026,8,14400.0,On-Time,MSME_376463019
03,2026,8,14400.0,On-Time,MSME_376463019
04,2026,8,14400.0,On-Time,MSME_376463019
05,2026,8,14400.0,On-Time,MSME_376463019
06,2026,8,14400.0,On-Time,MSME_376463019
07,2024,20,36000.0,On-Time,MSME_109492877
08,2024,20,36000.0,On-Time,MSME_109492877
09,2024,20,36000.0,On-Time,MSME_109492877
10,2024,20,36000.0,On-Time,MSME_109492877
11,2024,20,36000.0,On-Time,MSME_109492877
12,2024,20,36000.0,On-Time,MSME_109492877
01,2025,21,37800.0,On-Time,MSME_109492877
02,2025,21,37800.0,On-Time,MSME_109492877
03,2025,21,37800.0,On-Time,MSME_109492877
04,2025,21,37800.0,On-Time,MSME_109492877
05,2025,21,37800.0,On-Time,MSME_109492877
06,2025,21,37800.0,On-Time,MSME_109492877
07,2025,22,39600.0,On-Time,MSME_109492877
08,2025,22,39600.0,On-Time,MSME_109492877
09,2025,22,39600.0,On-Time,MSME_109492877
10,2025,22,39600.0,On-Time,MSME_109492877
11,2025,22,39600.0,On-Time,MSME_109492877
12,2025,22,39600.0,On-Time,MSME_109492877
01,2026,23,41400.0,On-Time,MSME_109492877
02,2026,23,41400.0,On-Time,MSME_109492877
03,2026,23,41400.0,On-Time,MSME_109492877
04,2026,23,41400.0,On-Time,MSME_109492877
05,2026,23,41400.0,On-Time,MSME_109492877
06,2026,24,43200.0,On-Time,MSME_109492877
07,2024,20,36000.0,On-Time,MSME_907927242
08,2024,19,34200.0,Delayed,MSME_907927242
09,2024,19,34200.0,On-Time,MSME_907927242
10,2024,19,34200.0,Delayed,MSME_907927242
11,2024,19,34200.0,Delayed,MSME_907927242
12,2024,19,34200.0,Delayed,MSME_907927242
01,2025,18,32400.0,On-Time,MSME_907927242
02,2025,18,32400.0,Delayed,MSME_907927242
03,2025,18,32400.0,Delayed,MSME_907927242
04,2025,18,32400.0,Delayed,MSME_907927242
05,2025,18,32400.0,Delayed,MSME_907927242
06,2025,18,32400.0,On-Time,MSME_907927242
07,2025,17,30600.0,Delayed,MSME_907927242
08,2025,17,30600.0,On-Time,MSME_907927242
09,2025,17,30600.0,Delayed,MSME_907927242
10,2025,17,30600.0,Delayed,MSME_907927242
11,2025,17,30600.0,Delayed,MSME_907927242
12,2025,17,30600.0,On-Time,MSME_907927242
01,2026,16,28800.0,Delayed,MSME_907927242
02,2026,16,28800.0,Delayed,MSME_907927242
03,2026,16,28800.0,Delayed,MSME_907927242
04,2026,16,28800.0,Delayed,MSME_907927242
05,2026,16,28800.0,Delayed,MSME_907927242
06,2026,16,28800.0,On-Time,MSME_907927242
07,2024,4,7200.0,On-Time,MSME_265345694
08,2024,3,5400.0,Delayed,MSME_265345694
09,2024,3,5400.0,Delayed,MSME_265345694
10,2024,3,5400.0,On-Time,MSME_265345694
11,2024,3,5400.0,Delayed,MSME_265345694
12,2024,3,5400.0,Delayed,MSME_265345694
01,2025,3,5400.0,On-Time,MSME_265345694
02,2025,3,5400.0,Delayed,MSME_265345694
03,2025,3,5400.0,Delayed,MSME_265345694
04,2025,3,5400.0,Delayed,MSME_265345694
05,2025,3,5400.0,On-Time,MSME_265345694
06,2025,3,5400.0,Delayed,MSME_265345694
07,2025,3,5400.0,Delayed,MSME_265345694
08,2025,3,5400.0,Delayed,MSME_265345694
09,2025,3,5400.0,On-Time,MSME_265345694
10,2025,3,5400.0,Delayed,MSME_265345694
11,2025,3,5400.0,Delayed,MSME_265345694
12,2025,3,5400.0,On-Time,MSME_265345694
01,2026,3,5400.0,Delayed,MSME_265345694
02,2026,3,5400.0,On-Time,MSME_265345694
03,2026,3,5400.0,On-Time,MSME_265345694
04,2026,3,5400.0,Delayed,MSME_265345694
05,2026,3,5400.0,On-Time,MSME_265345694
06,2026,3,5400.0,On-Time,MSME_265345694
07,2024,3,5400.0,On-Time,MSME_323044670
08,2024,3,5400.0,On-Time,MSME_323044670
09,2024,3,5400.0,On-Time,MSME_323044670
10,2024,3,5400.0,On-Time,MSME_323044670
11,2024,3,5400.0,On-Time,MSME_323044670
12,2024,3,5400.0,On-Time,MSME_323044670
01,2025,3,5400.0,On-Time,MSME_323044670
02,2025,3,5400.0,On-Time,MSME_323044670
03,2025,3,5400.0,Delayed,MSME_323044670
04,2025,3,5400.0,On-Time,MSME_323044670
05,2025,3,5400.0,On-Time,MSME_323044670
06,2025,3,5400.0,On-Time,MSME_323044670
07,2025,3,5400.0,On-Time,MSME_323044670
08,2025,3,5400.0,On-Time,MSME_323044670
09,2025,3,5400.0,On-Time,MSME_323044670
10,2025,3,5400.0,On-Time,MSME_323044670
11,2025,3,5400.0,On-Time,MSME_323044670
12,2025,3,5400.0,On-Time,MSME_323044670
01,2026,3,5400.0,On-Time,MSME_323044670
02,2026,3,5400.0,On-Time,MSME_323044670
03,2026,3,5400.0,On-Time,MSME_323044670
04,2026,3,5400.0,On-Time,MSME_323044670
05,2026,3,5400.0,On-Time,MSME_323044670
06,2026,3,5400.0,On-Time,MSME_323044670
07,2024,15,27000.0,On-Time,MSME_293316219
08,2024,14,25200.0,Delayed,MSME_293316219
09,2024,14,25200.0,Delayed,MSME_293316219
10,2024,14,25200.0,Delayed,MSME_293316219
11,2024,14,25200.0,Delayed,MSME_293316219
12,2024,14,25200.0,On-Time,MSME_293316219
01,2025,14,25200.0,On-Time,MSME_293316219
02,2025,14,25200.0,Delayed,MSME_293316219
03,2025,13,23400.0,Delayed,MSME_293316219
04,2025,13,23400.0,Delayed,MSME_293316219
05,2025,13,23400.0,On-Time,MSME_293316219
06,2025,13,23400.0,Delayed,MSME_293316219
07,2025,13,23400.0,Delayed,MSME_293316219
08,2025,13,23400.0,On-Time,MSME_293316219
09,2025,13,23400.0,Delayed,MSME_293316219
10,2025,13,23400.0,On-Time,MSME_293316219
11,2025,12,21600.0,Delayed,MSME_293316219
12,2025,12,21600.0,Delayed,MSME_293316219
01,2026,12,21600.0,Delayed,MSME_293316219
02,2026,12,21600.0,On-Time,MSME_293316219
03,2026,12,21600.0,Delayed,MSME_293316219
04,2026,12,21600.0,Delayed,MSME_293316219
05,2026,12,21600.0,Delayed,MSME_293316219
06,2026,12,21600.0,Delayed,MSME_293316219
07,2024,3,5400.0,On-Time,MSME_097089452
08,2024,2,3600.0,Delayed,MSME_097089452
09,2024,2,3600.0,Delayed,MSME_097089452
10,2024,2,3600.0,Delayed,MSME_097089452
11,2024,2,3600.0,Delayed,MSME_097089452
12,2024,2,3600.0,Delayed,MSME_097089452
01,2025,2,3600.0,Delayed,MSME_097089452
02,2025,2,3600.0,Delayed,MSME_097089452
03,2025,2,3600.0,Delayed,MSME_097089452
04,2025,2,3600.0,On-Time,MSME_097089452
05,2025,2,3600.0,Delayed,MSME_097089452
06,2025,2,3600.0,Delayed,MSME_097089452
07,2025,2,3600.0,Delayed,MSME_097089452
08,2025,2,3600.0,Delayed,MSME_097089452
09,2025,2,3600.0,Delayed,MSME_097089452
10,2025,2,3600.0,Delayed,MSME_097089452
11,2025,2,3600.0,Delayed,MSME_097089452
12,2025,2,3600.0,On-Time,MSME_097089452
01,2026,2,3600.0,Delayed,MSME_097089452
02,2026,2,3600.0,Delayed,MSME_097089452
03,2026,2,3600.0,Delayed,MSME_097089452
04,2026,2,3600.0,On-Time,MSME_097089452
05,2026,2,3600.0,Delayed,MSME_097089452
06,2026,2,3600.0,Delayed,MSME_097089452
07,2024,19,34200.0,On-Time,MSME_931647358
08,2024,19,34200.0,On-Time,MSME_931647358
09,2024,19,34200.0,On-Time,MSME_931647358
10,2024,19,34200.0,On-Time,MSME_931647358
11,2024,19,34200.0,On-Time,MSME_931647358
12,2024,19,34200.0,On-Time,MSME_931647358
01,2025,19,34200.0,On-Time,MSME_931647358
02,2025,20,36000.0,On-Time,MSME_931647358
03,2025,20,36000.0,On-Time,MSME_931647358
04,2025,20,36000.0,On-Time,MSME_931647358
05,2025,20,36000.0,On-Time,MSME_931647358
06,2025,20,36000.0,On-Time,MSME_931647358
07,2025,20,36000.0,On-Time,MSME_931647358
08,2025,21,37800.0,On-Time,MSME_931647358
09,2025,21,37800.0,On-Time,MSME_931647358
10,2025,21,37800.0,On-Time,MSME_931647358
11,2025,21,37800.0,On-Time,MSME_931647358
12,2025,21,37800.0,On-Time,MSME_931647358
01,2026,21,37800.0,On-Time,MSME_931647358
02,2026,22,39600.0,On-Time,MSME_931647358
03,2026,22,39600.0,On-Time,MSME_931647358
04,2026,22,39600.0,On-Time,MSME_931647358
05,2026,22,39600.0,On-Time,MSME_931647358
06,2026,22,39600.0,On-Time,MSME_931647358
07,2024,19,34200.0,On-Time,MSME_525957563
08,2024,19,34200.0,On-Time,MSME_525957563
09,2024,19,34200.0,Delayed,MSME_525957563
10,2024,19,34200.0,On-Time,MSME_525957563
11,2024,19,34200.0,Delayed,MSME_525957563
12,2024,19,34200.0,On-Time,MSME_525957563
01,2025,19,34200.0,Delayed,MSME_525957563
02,2025,19,34200.0,On-Time,MSME_525957563
03,2025,19,34200.0,On-Time,MSME_525957563
04,2025,19,34200.0,On-Time,MSME_525957563
05,2025,19,34200.0,Delayed,MSME_525957563
06,2025,19,34200.0,On-Time,MSME_525957563
07,2025,19,34200.0,On-Time,MSME_525957563
08,2025,19,34200.0,On-Time,MSME_525957563
09,2025,19,34200.0,Delayed,MSME_525957563
10,2025,19,34200.0,Delayed,MSME_525957563
11,2025,19,34200.0,On-Time,MSME_525957563
12,2025,19,34200.0,Delayed,MSME_525957563
01,2026,19,34200.0,On-Time,MSME_525957563
02,2026,19,34200.0,On-Time,MSME_525957563
03,2026,19,34200.0,On-Time,MSME_525957563
04,2026,19,34200.0,On-Time,MSME_525957563
05,2026,19,34200.0,On-Time,MSME_525957563
06,2026,19,34200.0,On-Time,MSME_525957563
07,2024,16,28800.0,On-Time,MSME_162672383
08,2024,16,28800.0,On-Time,MSME_162672383
09,2024,16,28800.0,On-Time,MSME_162672383
10,2024,16,28800.0,On-Time,MSME_162672383
11,2024,16,28800.0,On-Time,MSME_162672383
12,2024,16,28800.0,On-Time,MSME_162672383
01,2025,16,28800.0,On-Time,MSME_162672383
02,2025,16,28800.0,On-Time,MSME_162672383
03,2025,17,30600.0,On-Time,MSME_162672383
04,2025,17,30600.0,On-Time,MSME_162672383
05,2025,17,30600.0,On-Time,MSME_162672383
06,2025,17,30600.0,On-Time,MSME_162672383
07,2025,17,30600.0,On-Time,MSME_162672383
08,2025,17,30600.0,On-Time,MSME_162672383
09,2025,17,30600.0,On-Time,MSME_162672383
10,2025,18,32400.0,On-Time,MSME_162672383
11,2025,18,32400.0,On-Time,MSME_162672383
12,2025,18,32400.0,Delayed,MSME_162672383
01,2026,18,32400.0,On-Time,MSME_162672383
02,2026,18,32400.0,On-Time,MSME_162672383
03,2026,18,32400.0,On-Time,MSME_162672383
04,2026,18,32400.0,On-Time,MSME_162672383
05,2026,19,34200.0,On-Time,MSME_162672383
06,2026,19,34200.0,On-Time,MSME_162672383
07,2024,19,34200.0,On-Time,MSME_036125107
08,2024,19,34200.0,On-Time,MSME_036125107
09,2024,19,34200.0,On-Time,MSME_036125107
10,2024,19,34200.0,On-Time,MSME_036125107
11,2024,19,34200.0,On-Time,MSME_036125107
12,2024,19,34200.0,On-Time,MSME_036125107
01,2025,19,34200.0,On-Time,MSME_036125107
02,2025,20,36000.0,On-Time,MSME_036125107
03,2025,20,36000.0,On-Time,MSME_036125107
04,2025,20,36000.0,On-Time,MSME_036125107
05,2025,20,36000.0,On-Time,MSME_036125107
06,2025,20,36000.0,On-Time,MSME_036125107
07,2025,20,36000.0,On-Time,MSME_036125107
08,2025,21,37800.0,On-Time,MSME_036125107
09,2025,21,37800.0,On-Time,MSME_036125107
10,2025,21,37800.0,On-Time,MSME_036125107
11,2025,21,37800.0,On-Time,MSME_036125107
12,2025,21,37800.0,On-Time,MSME_036125107
01,2026,21,37800.0,On-Time,MSME_036125107
02,2026,22,39600.0,On-Time,MSME_036125107
03,2026,22,39600.0,On-Time,MSME_036125107
04,2026,22,39600.0,On-Time,MSME_036125107
05,2026,22,39600.0,On-Time,MSME_036125107
06,2026,22,39600.0,On-Time,MSME_036125107
07,2024,3,5400.0,Delayed,MSME_955327206
08,2024,2,3600.0,Delayed,MSME_955327206
09,2024,2,3600.0,Delayed,MSME_955327206
10,2024,2,3600.0,Delayed,MSME_955327206
11,2024,2,3600.0,On-Time,MSME_955327206
12,2024,2,3600.0,Delayed,MSME_955327206
01,2025,2,3600.0,Delayed,MSME_955327206
02,2025,2,3600.0,Delayed,MSME_955327206
03,2025,2,3600.0,Delayed,MSME_955327206
04,2025,2,3600.0,On-Time,MSME_955327206
05,2025,2,3600.0,Delayed,MSME_955327206
06,2025,2,3600.0,On-Time,MSME_955327206
07,2025,2,3600.0,Delayed,MSME_955327206
08,2025,2,3600.0,On-Time,MSME_955327206
09,2025,2,3600.0,Delayed,MSME_955327206
10,2025,2,3600.0,On-Time,MSME_955327206
11,2025,2,3600.0,Delayed,MSME_955327206
12,2025,2,3600.0,Delayed,MSME_955327206
01,2026,2,3600.0,Delayed,MSME_955327206
02,2026,2,3600.0,Delayed,MSME_955327206
03,2026,2,3600.0,On-Time,MSME_955327206
04,2026,2,3600.0,On-Time,MSME_955327206
05,2026,2,3600.0,Delayed,MSME_955327206
06,2026,2,3600.0,Delayed,MSME_955327206
07,2024,9,16200.0,On-Time,MSME_438717791
08,2024,9,16200.0,On-Time,MSME_438717791
09,2024,9,16200.0,On-Time,MSME_438717791
10,2024,9,16200.0,On-Time,MSME_438717791
11,2024,9,16200.0,On-Time,MSME_438717791
12,2024,9,16200.0,On-Time,MSME_438717791
01,2025,9,16200.0,On-Time,MSME_438717791
02,2025,9,16200.0,On-Time,MSME_438717791
03,2025,9,16200.0,On-Time,MSME_438717791
04,2025,9,16200.0,On-Time,MSME_438717791
05,2025,9,16200.0,On-Time,MSME_438717791
06,2025,9,16200.0,On-Time,MSME_438717791
07,2025,9,16200.0,On-Time,MSME_438717791
08,2025,10,18000.0,On-Time,MSME_438717791
09,2025,10,18000.0,On-Time,MSME_438717791
10,2025,10,18000.0,On-Time,MSME_438717791
11,2025,10,18000.0,On-Time,MSME_438717791
12,2025,10,18000.0,On-Time,MSME_438717791
01,2026,10,18000.0,On-Time,MSME_438717791
02,2026,10,18000.0,Delayed,MSME_438717791
03,2026,10,18000.0,On-Time,MSME_438717791
04,2026,10,18000.0,On-Time,MSME_438717791
05,2026,10,18000.0,On-Time,MSME_438717791
06,2026,10,18000.0,On-Time,MSME_438717791
07,2024,11,19800.0,On-Time,MSME_057448052
08,2024,11,19800.0,On-Time,MSME_057448052
09,2024,11,19800.0,On-Time,MSME_057448052
10,2024,11,19800.0,On-Time,MSME_057448052
11,2024,11,19800.0,On-Time,MSME_057448052
12,2024,11,19800.0,On-Time,MSME_057448052
01,2025,11,19800.0,On-Time,MSME_057448052
02,2025,11,19800.0,On-Time,MSME_057448052
03,2025,11,19800.0,On-Time,MSME_057448052
04,2025,11,19800.0,On-Time,MSME_057448052
05,2025,11,19800.0,On-Time,MSME_057448052
06,2025,12,21600.0,On-Time,MSME_057448052
07,2025,12,21600.0,On-Time,MSME_057448052
08,2025,12,21600.0,On-Time,MSME_057448052
09,2025,12,21600.0,Delayed,MSME_057448052
10,2025,12,21600.0,On-Time,MSME_057448052
11,2025,12,21600.0,On-Time,MSME_057448052
12,2025,12,21600.0,On-Time,MSME_057448052
01,2026,12,21600.0,On-Time,MSME_057448052
02,2026,12,21600.0,On-Time,MSME_057448052
03,2026,12,21600.0,On-Time,MSME_057448052
04,2026,13,23400.0,On-Time,MSME_057448052
05,2026,13,23400.0,On-Time,MSME_057448052
06,2026,13,23400.0,On-Time,MSME_057448052
07,2024,11,19800.0,Delayed,MSME_683442569
08,2024,11,19800.0,On-Time,MSME_683442569
09,2024,11,19800.0,On-Time,MSME_683442569
10,2024,11,19800.0,On-Time,MSME_683442569
11,2024,11,19800.0,On-Time,MSME_683442569
12,2024,11,19800.0,On-Time,MSME_683442569
01,2025,11,19800.0,On-Time,MSME_683442569
02,2025,11,19800.0,On-Time,MSME_683442569
03,2025,11,19800.0,On-Time,MSME_683442569
04,2025,11,19800.0,On-Time,MSME_683442569
05,2025,11,19800.0,On-Time,MSME_683442569
06,2025,12,21600.0,Delayed,MSME_683442569
07,2025,12,21600.0,On-Time,MSME_683442569
08,2025,12,21600.0,On-Time,MSME_683442569
09,2025,12,21600.0,On-Time,MSME_683442569
10,2025,12,21600.0,On-Time,MSME_683442569
11,2025,12,21600.0,On-Time,MSME_683442569
12,2025,12,21600.0,On-Time,MSME_683442569
01,2026,12,21600.0,On-Time,MSME_683442569
02,2026,12,21600.0,On-Time,MSME_683442569
03,2026,12,21600.0,On-Time,MSME_683442569
04,2026,13,23400.0,On-Time,MSME_683442569
05,2026,13,23400.0,On-Time,MSME_683442569
06,2026,13,23400.0,On-Time,MSME_683442569
07,2024,19,34200.0,On-Time,MSME_328136001
08,2024,19,34200.0,On-Time,MSME_328136001
09,2024,19,34200.0,On-Time,MSME_328136001
10,2024,19,34200.0,On-Time,MSME_328136001
11,2024,19,34200.0,On-Time,MSME_328136001
12,2024,19,34200.0,Delayed,MSME_328136001
01,2025,19,34200.0,On-Time,MSME_328136001
02,2025,20,36000.0,On-Time,MSME_328136001
03,2025,20,36000.0,On-Time,MSME_328136001
04,2025,20,36000.0,On-Time,MSME_328136001
05,2025,20,36000.0,On-Time,MSME_328136001
06,2025,20,36000.0,On-Time,MSME_328136001
07,2025,20,36000.0,On-Time,MSME_328136001
08,2025,21,37800.0,On-Time,MSME_328136001
09,2025,21,37800.0,On-Time,MSME_328136001
10,2025,21,37800.0,On-Time,MSME_328136001
11,2025,21,37800.0,On-Time,MSME_328136001
12,2025,21,37800.0,On-Time,MSME_328136001
01,2026,21,37800.0,On-Time,MSME_328136001
02,2026,22,39600.0,On-Time,MSME_328136001
03,2026,22,39600.0,On-Time,MSME_328136001
04,2026,22,39600.0,On-Time,MSME_328136001
05,2026,22,39600.0,On-Time,MSME_328136001
06,2026,22,39600.0,Delayed,MSME_328136001
07,2024,17,30600.0,Delayed,MSME_608675946
08,2024,16,28800.0,Delayed,MSME_608675946
09,2024,16,28800.0,Delayed,MSME_608675946
10,2024,16,28800.0,Delayed,MSME_608675946
11,2024,16,28800.0,Delayed,MSME_608675946
12,2024,16,28800.0,Delayed,MSME_608675946
01,2025,16,28800.0,On-Time,MSME_608675946
02,2025,15,27000.0,Delayed,MSME_608675946
03,2025,15,27000.0,Delayed,MSME_608675946
04,2025,15,27000.0,On-Time,MSME_608675946
05,2025,15,27000.0,Delayed,MSME_608675946
06,2025,15,27000.0,On-Time,MSME_608675946
07,2025,15,27000.0,On-Time,MSME_608675946
08,2025,15,27000.0,Delayed,MSME_608675946
09,2025,14,25200.0,Delayed,MSME_608675946
10,2025,14,25200.0,On-Time,MSME_608675946
11,2025,14,25200.0,On-Time,MSME_608675946
12,2025,14,25200.0,On-Time,MSME_608675946
01,2026,14,25200.0,Delayed,MSME_608675946
02,2026,14,25200.0,Delayed,MSME_608675946
03,2026,14,25200.0,Delayed,MSME_608675946
04,2026,13,23400.0,On-Time,MSME_608675946
05,2026,13,23400.0,Delayed,MSME_608675946
06,2026,13,23400.0,On-Time,MSME_608675946
07,2024,17,30600.0,On-Time,MSME_397693105
08,2024,17,30600.0,On-Time,MSME_397693105
09,2024,17,30600.0,On-Time,MSME_397693105
10,2024,17,30600.0,On-Time,MSME_397693105
11,2024,17,30600.0,On-Time,MSME_397693105
12,2024,17,30600.0,On-Time,MSME_397693105
01,2025,17,30600.0,Delayed,MSME_397693105
02,2025,17,30600.0,On-Time,MSME_397693105
03,2025,17,30600.0,On-Time,MSME_397693105
04,2025,17,30600.0,On-Time,MSME_397693105
05,2025,17,30600.0,On-Time,MSME_397693105
06,2025,17,30600.0,Delayed,MSME_397693105
07,2025,17,30600.0,Delayed,MSME_397693105
08,2025,17,30600.0,On-Time,MSME_397693105
09,2025,17,30600.0,On-Time,MSME_397693105
10,2025,17,30600.0,On-Time,MSME_397693105
11,2025,17,30600.0,On-Time,MSME_397693105
12,2025,17,30600.0,On-Time,MSME_397693105
01,2026,17,30600.0,On-Time,MSME_397693105
02,2026,17,30600.0,On-Time,MSME_397693105
03,2026,17,30600.0,On-Time,MSME_397693105
04,2026,17,30600.0,Delayed,MSME_397693105
05,2026,17,30600.0,On-Time,MSME_397693105
06,2026,17,30600.0,On-Time,MSME_397693105
07,2024,6,10800.0,On-Time,MSME_384669616
08,2024,6,10800.0,On-Time,MSME_384669616
09,2024,6,10800.0,On-Time,MSME_384669616
10,2024,6,10800.0,On-Time,MSME_384669616
11,2024,6,10800.0,Delayed,MSME_384669616
12,2024,6,10800.0,On-Time,MSME_384669616
01,2025,6,10800.0,Delayed,MSME_384669616
02,2025,6,10800.0,On-Time,MSME_384669616
03,2025,6,10800.0,On-Time,MSME_384669616
04,2025,6,10800.0,On-Time,MSME_384669616
05,2025,6,10800.0,On-Time,MSME_384669616
06,2025,6,10800.0,On-Time,MSME_384669616
07,2025,6,10800.0,On-Time,MSME_384669616
08,2025,6,10800.0,On-Time,MSME_384669616
09,2025,6,10800.0,On-Time,MSME_384669616
10,2025,6,10800.0,On-Time,MSME_384669616
11,2025,6,10800.0,On-Time,MSME_384669616
12,2025,6,10800.0,On-Time,MSME_384669616
01,2026,6,10800.0,Delayed,MSME_384669616
02,2026,6,10800.0,On-Time,MSME_384669616
03,2026,7,12600.0,On-Time,MSME_384669616
04,2026,7,12600.0,On-Time,MSME_384669616
05,2026,7,12600.0,On-Time,MSME_384669616
06,2026,7,12600.0,On-Time,MSME_384669616
07,2024,8,14400.0,On-Time,MSME_600241601
08,2024,8,14400.0,On-Time,MSME_600241601
09,2024,8,14400.0,On-Time,MSME_600241601
10,2024,8,14400.0,On-Time,MSME_600241601
11,2024,8,14400.0,On-Time,MSME_600241601
12,2024,8,14400.0,On-Time,MSME_600241601
01,2025,8,14400.0,On-Time,MSME_600241601
02,2025,8,14400.0,Delayed,MSME_600241601
03,2025,8,14400.0,On-Time,MSME_600241601
04,2025,8,14400.0,On-Time,MSME_600241601
05,2025,8,14400.0,On-Time,MSME_600241601
06,2025,8,14400.0,On-Time,MSME_600241601
07,2025,8,14400.0,On-Time,MSME_600241601
08,2025,8,14400.0,On-Time,MSME_600241601
09,2025,8,14400.0,On-Time,MSME_600241601
10,2025,9,16200.0,On-Time,MSME_600241601
11,2025,9,16200.0,On-Time,MSME_600241601
12,2025,9,16200.0,On-Time,MSME_600241601
01,2026,9,16200.0,On-Time,MSME_600241601
02,2026,9,16200.0,On-Time,MSME_600241601
03,2026,9,16200.0,On-Time,MSME_600241601
04,2026,9,16200.0,On-Time,MSME_600241601
05,2026,9,16200.0,On-Time,MSME_600241601
06,2026,9,16200.0,On-Time,MSME_600241601
07,2024,24,43200.0,On-Time,MSME_592894608
08,2024,24,43200.0,On-Time,MSME_592894608
09,2024,24,43200.0,On-Time,MSME_592894608
10,2024,24,43200.0,On-Time,MSME_592894608
11,2024,24,43200.0,On-Time,MSME_592894608
12,2024,25,45000.0,On-Time,MSME_592894608
01,2025,25,45000.0,On-Time,MSME_592894608
02,2025,25,45000.0,On-Time,MSME_592894608
03,2025,25,45000.0,On-Time,MSME_592894608
04,2025,25,45000.0,Delayed,MSME_592894608
05,2025,26,46800.0,On-Time,MSME_592894608
06,2025,26,46800.0,On-Time,MSME_592894608
07,2025,26,46800.0,On-Time,MSME_592894608
08,2025,26,46800.0,On-Time,MSME_592894608
09,2025,26,46800.0,On-Time,MSME_592894608
10,2025,27,48600.0,On-Time,MSME_592894608
11,2025,27,48600.0,On-Time,MSME_592894608
12,2025,27,48600.0,On-Time,MSME_592894608
01,2026,27,48600.0,On-Time,MSME_592894608
02,2026,27,48600.0,On-Time,MSME_592894608
03,2026,28,50400.0,On-Time,MSME_592894608
04,2026,28,50400.0,On-Time,MSME_592894608
05,2026,28,50400.0,On-Time,MSME_592894608
06,2026,28,50400.0,On-Time,MSME_592894608
07,2024,4,7200.0,On-Time,MSME_717876575
08,2024,4,7200.0,On-Time,MSME_717876575
09,2024,4,7200.0,On-Time,MSME_717876575
10,2024,4,7200.0,On-Time,MSME_717876575
11,2024,4,7200.0,On-Time,MSME_717876575
12,2024,4,7200.0,On-Time,MSME_717876575
01,2025,4,7200.0,On-Time,MSME_717876575
02,2025,4,7200.0,On-Time,MSME_717876575
03,2025,4,7200.0,On-Time,MSME_717876575
04,2025,4,7200.0,On-Time,MSME_717876575
05,2025,4,7200.0,On-Time,MSME_717876575
06,2025,4,7200.0,On-Time,MSME_717876575
07,2025,4,7200.0,On-Time,MSME_717876575
08,2025,4,7200.0,On-Time,MSME_717876575
09,2025,4,7200.0,On-Time,MSME_717876575
10,2025,4,7200.0,On-Time,MSME_717876575
11,2025,4,7200.0,On-Time,MSME_717876575
12,2025,4,7200.0,On-Time,MSME_717876575
01,2026,4,7200.0,On-Time,MSME_717876575
02,2026,4,7200.0,On-Time,MSME_717876575
03,2026,4,7200.0,On-Time,MSME_717876575
04,2026,4,7200.0,On-Time,MSME_717876575
05,2026,4,7200.0,On-Time,MSME_717876575
06,2026,4,7200.0,On-Time,MSME_717876575
07,2024,24,43200.0,On-Time,MSME_670149513
08,2024,24,43200.0,On-Time,MSME_670149513
09,2024,24,43200.0,On-Time,MSME_670149513
10,2024,24,43200.0,On-Time,MSME_670149513
11,2024,24,43200.0,On-Time,MSME_670149513
12,2024,25,45000.0,On-Time,MSME_670149513
01,2025,25,45000.0,On-Time,MSME_670149513
02,2025,25,45000.0,On-Time,MSME_670149513
03,2025,25,45000.0,Delayed,MSME_670149513
04,2025,25,45000.0,On-Time,MSME_670149513
05,2025,26,46800.0,On-Time,MSME_670149513
06,2025,26,46800.0,On-Time,MSME_670149513
07,2025,26,46800.0,On-Time,MSME_670149513
08,2025,26,46800.0,On-Time,MSME_670149513
09,2025,26,46800.0,On-Time,MSME_670149513
10,2025,27,48600.0,On-Time,MSME_670149513
11,2025,27,48600.0,On-Time,MSME_670149513
12,2025,27,48600.0,On-Time,MSME_670149513
01,2026,27,48600.0,On-Time,MSME_670149513
02,2026,27,48600.0,On-Time,MSME_670149513
03,2026,28,50400.0,On-Time,MSME_670149513
04,2026,28,50400.0,On-Time,MSME_670149513
05,2026,28,50400.0,On-Time,MSME_670149513
06,2026,28,50400.0,On-Time,MSME_670149513
07,2024,19,34200.0,On-Time,MSME_898267512
08,2024,18,32400.0,Delayed,MSME_898267512
09,2024,18,32400.0,On-Time,MSME_898267512
10,2024,18,32400.0,Delayed,MSME_898267512
11,2024,18,32400.0,Delayed,MSME_898267512
12,2024,18,32400.0,Delayed,MSME_898267512
01,2025,18,32400.0,Delayed,MSME_898267512
02,2025,17,30600.0,On-Time,MSME_898267512
03,2025,17,30600.0,Delayed,MSME_898267512
04,2025,17,30600.0,On-Time,MSME_898267512
05,2025,17,30600.0,Delayed,MSME_898267512
06,2025,17,30600.0,On-Time,MSME_898267512
07,2025,17,30600.0,Delayed,MSME_898267512
08,2025,16,28800.0,On-Time,MSME_898267512
09,2025,16,28800.0,On-Time,MSME_898267512
10,2025,16,28800.0,On-Time,MSME_898267512
11,2025,16,28800.0,Delayed,MSME_898267512
12,2025,16,28800.0,Delayed,MSME_898267512
01,2026,16,28800.0,Delayed,MSME_898267512
02,2026,15,27000.0,Delayed,MSME_898267512
03,2026,15,27000.0,Delayed,MSME_898267512
04,2026,15,27000.0,On-Time,MSME_898267512
05,2026,15,27000.0,On-Time,MSME_898267512
06,2026,15,27000.0,On-Time,MSME_898267512
07,2024,14,25200.0,On-Time,MSME_983184155
08,2024,13,23400.0,Delayed,MSME_983184155
09,2024,13,23400.0,Delayed,MSME_983184155
10,2024,13,23400.0,Delayed,MSME_983184155
11,2024,13,23400.0,Delayed,MSME_983184155
12,2024,13,23400.0,Delayed,MSME_983184155
01,2025,13,23400.0,Delayed,MSME_983184155
02,2025,13,23400.0,Delayed,MSME_983184155
03,2025,13,23400.0,On-Time,MSME_983184155
04,2025,12,21600.0,Delayed,MSME_983184155
05,2025,12,21600.0,Delayed,MSME_983184155
06,2025,12,21600.0,Delayed,MSME_983184155
07,2025,12,21600.0,Delayed,MSME_983184155
08,2025,12,21600.0,Delayed,MSME_983184155
09,2025,12,21600.0,Delayed,MSME_983184155
10,2025,12,21600.0,Delayed,MSME_983184155
11,2025,12,21600.0,On-Time,MSME_983184155
12,2025,11,19800.0,Delayed,MSME_983184155
01,2026,11,19800.0,On-Time,MSME_983184155
02,2026,11,19800.0,On-Time,MSME_983184155
03,2026,11,19800.0,On-Time,MSME_983184155
04,2026,11,19800.0,Delayed,MSME_983184155
05,2026,11,19800.0,On-Time,MSME_983184155
06,2026,11,19800.0,Delayed,MSME_983184155
07,2024,12,21600.0,On-Time,MSME_481516765
08,2024,11,19800.0,Delayed,MSME_481516765
09,2024,11,19800.0,Delayed,MSME_481516765
10,2024,11,19800.0,On-Time,MSME_481516765
11,2024,11,19800.0,Delayed,MSME_481516765
12,2024,11,19800.0,On-Time,MSME_481516765
01,2025,11,19800.0,Delayed,MSME_481516765
02,2025,11,19800.0,On-Time,MSME_481516765
03,2025,11,19800.0,Delayed,MSME_481516765
04,2025,11,19800.0,On-Time,MSME_481516765
05,2025,10,18000.0,Delayed,MSME_481516765
06,2025,10,18000.0,On-Time,MSME_481516765
07,2025,10,18000.0,On-Time,MSME_481516765
08,2025,10,18000.0,Delayed,MSME_481516765
09,2025,10,18000.0,On-Time,MSME_481516765
10,2025,10,18000.0,Delayed,MSME_481516765
11,2025,10,18000.0,Delayed,MSME_481516765
12,2025,10,18000.0,On-Time,MSME_481516765
01,2026,10,18000.0,On-Time,MSME_481516765
02,2026,10,18000.0,On-Time,MSME_481516765
03,2026,9,16200.0,On-Time,MSME_481516765
04,2026,9,16200.0,Delayed,MSME_481516765
05,2026,9,16200.0,Delayed,MSME_481516765
06,2026,9,16200.0,Delayed,MSME_481516765
07,2024,21,37800.0,On-Time,MSME_935136700
08,2024,21,37800.0,On-Time,MSME_935136700
09,2024,21,37800.0,On-Time,MSME_935136700
10,2024,21,37800.0,On-Time,MSME_935136700
11,2024,21,37800.0,On-Time,MSME_935136700
12,2024,21,37800.0,On-Time,MSME_935136700
01,2025,21,37800.0,Delayed,MSME_935136700
02,2025,21,37800.0,On-Time,MSME_935136700
03,2025,21,37800.0,Delayed,MSME_935136700
04,2025,21,37800.0,Delayed,MSME_935136700
05,2025,21,37800.0,On-Time,MSME_935136700
06,2025,21,37800.0,Delayed,MSME_935136700
07,2025,21,37800.0,On-Time,MSME_935136700
08,2025,21,37800.0,On-Time,MSME_935136700
09,2025,21,37800.0,On-Time,MSME_935136700
10,2025,21,37800.0,On-Time,MSME_935136700
11,2025,21,37800.0,On-Time,MSME_935136700
12,2025,21,37800.0,On-Time,MSME_935136700
01,2026,21,37800.0,On-Time,MSME_935136700
02,2026,21,37800.0,On-Time,MSME_935136700
03,2026,21,37800.0,Delayed,MSME_935136700
04,2026,21,37800.0,On-Time,MSME_935136700
05,2026,22,39600.0,On-Time,MSME_935136700
06,2026,22,39600.0,On-Time,MSME_935136700
07,2024,15,27000.0,Delayed,MSME_329398389
08,2024,14,25200.0,Delayed,MSME_329398389
09,2024,14,25200.0,Delayed,MSME_329398389
10,2024,14,25200.0,Delayed,MSME_329398389
11,2024,14,25200.0,On-Time,MSME_329398389
12,2024,14,25200.0,Delayed,MSME_329398389
01,2025,14,25200.0,Delayed,MSME_329398389
02,2025,14,25200.0,On-Time,MSME_329398389
03,2025,13,23400.0,On-Time,MSME_329398389
04,2025,13,23400.0,Delayed,MSME_329398389
05,2025,13,23400.0,Delayed,MSME_329398389
06,2025,13,23400.0,Delayed,MSME_329398389
07,2025,13,23400.0,Delayed,MSME_329398389
08,2025,13,23400.0,Delayed,MSME_329398389
09,2025,13,23400.0,On-Time,MSME_329398389
10,2025,13,23400.0,Delayed,MSME_329398389
11,2025,12,21600.0,Delayed,MSME_329398389
12,2025,12,21600.0,On-Time,MSME_329398389
01,2026,12,21600.0,On-Time,MSME_329398389
02,2026,12,21600.0,On-Time,MSME_329398389
03,2026,12,21600.0,Delayed,MSME_329398389
04,2026,12,21600.0,On-Time,MSME_329398389
05,2026,12,21600.0,On-Time,MSME_329398389
06,2026,12,21600.0,On-Time,MSME_329398389
07,2024,15,27000.0,On-Time,MSME_045274338
08,2024,15,27000.0,On-Time,MSME_045274338
09,2024,15,27000.0,On-Time,MSME_045274338
10,2024,15,27000.0,On-Time,MSME_045274338
11,2024,15,27000.0,On-Time,MSME_045274338
12,2024,15,27000.0,On-Time,MSME_045274338
01,2025,15,27000.0,On-Time,MSME_045274338
02,2025,15,27000.0,On-Time,MSME_045274338
03,2025,16,28800.0,On-Time,MSME_045274338
04,2025,16,28800.0,On-Time,MSME_045274338
05,2025,16,28800.0,On-Time,MSME_045274338
06,2025,16,28800.0,On-Time,MSME_045274338
07,2025,16,28800.0,On-Time,MSME_045274338
08,2025,16,28800.0,On-Time,MSME_045274338
09,2025,16,28800.0,On-Time,MSME_045274338
10,2025,16,28800.0,On-Time,MSME_045274338
11,2025,17,30600.0,On-Time,MSME_045274338
12,2025,17,30600.0,On-Time,MSME_045274338
01,2026,17,30600.0,On-Time,MSME_045274338
02,2026,17,30600.0,On-Time,MSME_045274338
03,2026,17,30600.0,On-Time,MSME_045274338
04,2026,17,30600.0,On-Time,MSME_045274338
05,2026,17,30600.0,On-Time,MSME_045274338
06,2026,18,32400.0,On-Time,MSME_045274338
07,2024,5,9000.0,On-Time,MSME_915647126
08,2024,4,7200.0,On-Time,MSME_915647126
09,2024,4,7200.0,On-Time,MSME_915647126
10,2024,4,7200.0,Delayed,MSME_915647126
11,2024,4,7200.0,Delayed,MSME_915647126
12,2024,4,7200.0,Delayed,MSME_915647126
01,2025,4,7200.0,Delayed,MSME_915647126
02,2025,4,7200.0,Delayed,MSME_915647126
03,2025,4,7200.0,On-Time,MSME_915647126
04,2025,4,7200.0,Delayed,MSME_915647126
05,2025,4,7200.0,Delayed,MSME_915647126
06,2025,4,7200.0,Delayed,MSME_915647126
07,2025,4,7200.0,Delayed,MSME_915647126
08,2025,4,7200.0,On-Time,MSME_915647126
09,2025,4,7200.0,Delayed,MSME_915647126
10,2025,4,7200.0,Delayed,MSME_915647126
11,2025,4,7200.0,Delayed,MSME_915647126
12,2025,4,7200.0,Delayed,MSME_915647126
01,2026,4,7200.0,On-Time,MSME_915647126
02,2026,4,7200.0,Delayed,MSME_915647126
03,2026,4,7200.0,On-Time,MSME_915647126
04,2026,4,7200.0,On-Time,MSME_915647126
05,2026,4,7200.0,Delayed,MSME_915647126
06,2026,4,7200.0,On-Time,MSME_915647126
07,2024,18,32400.0,On-Time,MSME_398833247
08,2024,18,32400.0,On-Time,MSME_398833247
09,2024,18,32400.0,Delayed,MSME_398833247
10,2024,18,32400.0,On-Time,MSME_398833247
11,2024,18,32400.0,Delayed,MSME_398833247
12,2024,18,32400.0,On-Time,MSME_398833247
01,2025,18,32400.0,On-Time,MSME_398833247
02,2025,18,32400.0,Delayed,MSME_398833247
03,2025,18,32400.0,On-Time,MSME_398833247
04,2025,18,32400.0,On-Time,MSME_398833247
05,2025,18,32400.0,On-Time,MSME_398833247
06,2025,18,32400.0,Delayed,MSME_398833247
07,2025,18,32400.0,Delayed,MSME_398833247
08,2025,18,32400.0,Delayed,MSME_398833247
09,2025,18,32400.0,Delayed,MSME_398833247
10,2025,18,32400.0,On-Time,MSME_398833247
11,2025,18,32400.0,On-Time,MSME_398833247
12,2025,18,32400.0,Delayed,MSME_398833247
01,2026,18,32400.0,On-Time,MSME_398833247
02,2026,18,32400.0,On-Time,MSME_398833247
03,2026,18,32400.0,Delayed,MSME_398833247
04,2026,18,32400.0,On-Time,MSME_398833247
05,2026,18,32400.0,Delayed,MSME_398833247
06,2026,18,32400.0,Delayed,MSME_398833247
07,2024,22,39600.0,On-Time,MSME_866027272
08,2024,22,39600.0,On-Time,MSME_866027272
09,2024,22,39600.0,On-Time,MSME_866027272
10,2024,22,39600.0,On-Time,MSME_866027272
11,2024,22,39600.0,On-Time,MSME_866027272
12,2024,22,39600.0,On-Time,MSME_866027272
01,2025,23,41400.0,On-Time,MSME_866027272
02,2025,23,41400.0,On-Time,MSME_866027272
03,2025,23,41400.0,On-Time,MSME_866027272
04,2025,23,41400.0,On-Time,MSME_866027272
05,2025,23,41400.0,On-Time,MSME_866027272
06,2025,24,43200.0,On-Time,MSME_866027272
07,2025,24,43200.0,On-Time,MSME_866027272
08,2025,24,43200.0,On-Time,MSME_866027272
09,2025,24,43200.0,On-Time,MSME_866027272
10,2025,24,43200.0,On-Time,MSME_866027272
11,2025,25,45000.0,On-Time,MSME_866027272
12,2025,25,45000.0,On-Time,MSME_866027272
01,2026,25,45000.0,On-Time,MSME_866027272
02,2026,25,45000.0,On-Time,MSME_866027272
03,2026,25,45000.0,On-Time,MSME_866027272
04,2026,26,46800.0,On-Time,MSME_866027272
05,2026,26,46800.0,On-Time,MSME_866027272
06,2026,26,46800.0,On-Time,MSME_866027272
07,2024,12,21600.0,On-Time,MSME_951114141
08,2024,12,21600.0,On-Time,MSME_951114141
09,2024,12,21600.0,On-Time,MSME_951114141
10,2024,12,21600.0,On-Time,MSME_951114141
11,2024,12,21600.0,On-Time,MSME_951114141
12,2024,12,21600.0,On-Time,MSME_951114141
01,2025,12,21600.0,On-Time,MSME_951114141
02,2025,12,21600.0,On-Time,MSME_951114141
03,2025,12,21600.0,On-Time,MSME_951114141
04,2025,12,21600.0,Delayed,MSME_951114141
05,2025,13,23400.0,On-Time,MSME_951114141
06,2025,13,23400.0,On-Time,MSME_951114141
07,2025,13,23400.0,On-Time,MSME_951114141
08,2025,13,23400.0,On-Time,MSME_951114141
09,2025,13,23400.0,Delayed,MSME_951114141
10,2025,13,23400.0,On-Time,MSME_951114141
11,2025,13,23400.0,On-Time,MSME_951114141
12,2025,13,23400.0,On-Time,MSME_951114141
01,2026,13,23400.0,On-Time,MSME_951114141
02,2026,13,23400.0,On-Time,MSME_951114141
03,2026,14,25200.0,On-Time,MSME_951114141
04,2026,14,25200.0,On-Time,MSME_951114141
05,2026,14,25200.0,On-Time,MSME_951114141
06,2026,14,25200.0,On-Time,MSME_951114141
07,2024,21,37800.0,On-Time,MSME_116480903
08,2024,21,37800.0,On-Time,MSME_116480903
09,2024,21,37800.0,On-Time,MSME_116480903
10,2024,21,37800.0,On-Time,MSME_116480903
11,2024,21,37800.0,On-Time,MSME_116480903
12,2024,21,37800.0,Delayed,MSME_116480903
01,2025,22,39600.0,On-Time,MSME_116480903
02,2025,22,39600.0,On-Time,MSME_116480903
03,2025,22,39600.0,On-Time,MSME_116480903
04,2025,22,39600.0,On-Time,MSME_116480903
05,2025,22,39600.0,On-Time,MSME_116480903
06,2025,23,41400.0,Delayed,MSME_116480903
07,2025,23,41400.0,On-Time,MSME_116480903
08,2025,23,41400.0,On-Time,MSME_116480903
09,2025,23,41400.0,On-Time,MSME_116480903
10,2025,23,41400.0,On-Time,MSME_116480903
11,2025,23,41400.0,On-Time,MSME_116480903
12,2025,24,43200.0,On-Time,MSME_116480903
01,2026,24,43200.0,On-Time,MSME_116480903
02,2026,24,43200.0,On-Time,MSME_116480903
03,2026,24,43200.0,On-Time,MSME_116480903
04,2026,24,43200.0,On-Time,MSME_116480903
05,2026,25,45000.0,On-Time,MSME_116480903
06,2026,25,45000.0,On-Time,MSME_116480903
07,2024,11,19800.0,Delayed,MSME_734122126
08,2024,10,18000.0,Delayed,MSME_734122126
09,2024,10,18000.0,Delayed,MSME_734122126
10,2024,10,18000.0,Delayed,MSME_734122126
11,2024,10,18000.0,Delayed,MSME_734122126
12,2024,10,18000.0,Delayed,MSME_734122126
01,2025,10,18000.0,On-Time,MSME_734122126
02,2025,10,18000.0,On-Time,MSME_734122126
03,2025,10,18000.0,Delayed,MSME_734122126
04,2025,10,18000.0,Delayed,MSME_734122126
05,2025,10,18000.0,On-Time,MSME_734122126
06,2025,9,16200.0,On-Time,MSME_734122126
07,2025,9,16200.0,Delayed,MSME_734122126
08,2025,9,16200.0,Delayed,MSME_734122126
09,2025,9,16200.0,On-Time,MSME_734122126
10,2025,9,16200.0,Delayed,MSME_734122126
11,2025,9,16200.0,Delayed,MSME_734122126
12,2025,9,16200.0,Delayed,MSME_734122126
01,2026,9,16200.0,Delayed,MSME_734122126
02,2026,9,16200.0,Delayed,MSME_734122126
03,2026,9,16200.0,Delayed,MSME_734122126
04,2026,8,14400.0,Delayed,MSME_734122126
05,2026,8,14400.0,On-Time,MSME_734122126
06,2026,8,14400.0,Delayed,MSME_734122126
07,2024,13,23400.0,Delayed,MSME_834884804
08,2024,13,23400.0,Delayed,MSME_834884804
09,2024,13,23400.0,On-Time,MSME_834884804
10,2024,13,23400.0,On-Time,MSME_834884804
11,2024,13,23400.0,Delayed,MSME_834884804
12,2024,13,23400.0,On-Time,MSME_834884804
01,2025,13,23400.0,On-Time,MSME_834884804
02,2025,13,23400.0,On-Time,MSME_834884804
03,2025,13,23400.0,On-Time,MSME_834884804
04,2025,13,23400.0,Delayed,MSME_834884804
05,2025,13,23400.0,Delayed,MSME_834884804
06,2025,13,23400.0,On-Time,MSME_834884804
07,2025,13,23400.0,On-Time,MSME_834884804
08,2025,13,23400.0,On-Time,MSME_834884804
09,2025,13,23400.0,Delayed,MSME_834884804
10,2025,13,23400.0,On-Time,MSME_834884804
11,2025,13,23400.0,On-Time,MSME_834884804
12,2025,13,23400.0,On-Time,MSME_834884804
01,2026,13,23400.0,On-Time,MSME_834884804
02,2026,13,23400.0,On-Time,MSME_834884804
03,2026,13,23400.0,On-Time,MSME_834884804
04,2026,13,23400.0,On-Time,MSME_834884804
05,2026,13,23400.0,Delayed,MSME_834884804
06,2026,13,23400.0,On-Time,MSME_834884804
07,2024,12,21600.0,Delayed,MSME_945656800
08,2024,11,19800.0,Delayed,MSME_945656800
09,2024,11,19800.0,Delayed,MSME_945656800
10,2024,11,19800.0,Delayed,MSME_945656800
11,2024,11,19800.0,Delayed,MSME_945656800
12,2024,11,19800.0,On-Time,MSME_945656800
01,2025,11,19800.0,On-Time,MSME_945656800
02,2025,11,19800.0,Delayed,MSME_945656800
03,2025,11,19800.0,On-Time,MSME_945656800
04,2025,11,19800.0,Delayed,MSME_945656800
05,2025,10,18000.0,On-Time,MSME_945656800
06,2025,10,18000.0,Delayed,MSME_945656800
07,2025,10,18000.0,Delayed,MSME_945656800
08,2025,10,18000.0,Delayed,MSME_945656800
09,2025,10,18000.0,Delayed,MSME_945656800
10,2025,10,18000.0,On-Time,MSME_945656800
11,2025,10,18000.0,Delayed,MSME_945656800
12,2025,10,18000.0,Delayed,MSME_945656800
01,2026,10,18000.0,Delayed,MSME_945656800
02,2026,10,18000.0,Delayed,MSME_945656800
03,2026,9,16200.0,Delayed,MSME_945656800
04,2026,9,16200.0,Delayed,MSME_945656800
05,2026,9,16200.0,Delayed,MSME_945656800
06,2026,9,16200.0,On-Time,MSME_945656800
07,2024,21,37800.0,Delayed,MSME_625993396
08,2024,20,36000.0,On-Time,MSME_625993396
09,2024,20,36000.0,Delayed,MSME_625993396
10,2024,20,36000.0,Delayed,MSME_625993396
11,2024,20,36000.0,Delayed,MSME_625993396
12,2024,20,36000.0,On-Time,MSME_625993396
01,2025,19,34200.0,Delayed,MSME_625993396
02,2025,19,34200.0,Delayed,MSME_625993396
03,2025,19,34200.0,Delayed,MSME_625993396
04,2025,19,34200.0,Delayed,MSME_625993396
05,2025,19,34200.0,Delayed,MSME_625993396
06,2025,18,32400.0,Delayed,MSME_625993396
07,2025,18,32400.0,Delayed,MSME_625993396
08,2025,18,32400.0,Delayed,MSME_625993396
09,2025,18,32400.0,On-Time,MSME_625993396
10,2025,18,32400.0,Delayed,MSME_625993396
11,2025,18,32400.0,On-Time,MSME_625993396
12,2025,17,30600.0,Delayed,MSME_625993396
01,2026,17,30600.0,Delayed,MSME_625993396
02,2026,17,30600.0,On-Time,MSME_625993396
03,2026,17,30600.0,On-Time,MSME_625993396
04,2026,17,30600.0,On-Time,MSME_625993396
05,2026,16,28800.0,Delayed,MSME_625993396
06,2026,16,28800.0,On-Time,MSME_625993396
07,2024,6,10800.0,Delayed,MSME_573775464
08,2024,6,10800.0,Delayed,MSME_573775464
09,2024,6,10800.0,On-Time,MSME_573775464
10,2024,6,10800.0,On-Time,MSME_573775464
11,2024,6,10800.0,On-Time,MSME_573775464
12,2024,6,10800.0,On-Time,MSME_573775464
01,2025,6,10800.0,Delayed,MSME_573775464
02,2025,6,10800.0,On-Time,MSME_573775464
03,2025,6,10800.0,Delayed,MSME_573775464
04,2025,6,10800.0,On-Time,MSME_573775464
05,2025,6,10800.0,Delayed,MSME_573775464
06,2025,6,10800.0,On-Time,MSME_573775464
07,2025,6,10800.0,On-Time,MSME_573775464
08,2025,6,10800.0,On-Time,MSME_573775464
09,2025,6,10800.0,On-Time,MSME_573775464
10,2025,6,10800.0,On-Time,MSME_573775464
11,2025,6,10800.0,On-Time,MSME_573775464
12,2025,6,10800.0,Delayed,MSME_573775464
01,2026,6,10800.0,Delayed,MSME_573775464
02,2026,6,10800.0,On-Time,MSME_573775464
03,2026,6,10800.0,Delayed,MSME_573775464
04,2026,6,10800.0,On-Time,MSME_573775464
05,2026,6,10800.0,Delayed,MSME_573775464
06,2026,6,10800.0,On-Time,MSME_573775464
07,2024,5,9000.0,On-Time,MSME_156848879
08,2024,5,9000.0,On-Time,MSME_156848879
09,2024,5,9000.0,On-Time,MSME_156848879
10,2024,5,9000.0,On-Time,MSME_156848879
11,2024,5,9000.0,On-Time,MSME_156848879
12,2024,5,9000.0,On-Time,MSME_156848879
01,2025,5,9000.0,On-Time,MSME_156848879
02,2025,5,9000.0,On-Time,MSME_156848879
03,2025,5,9000.0,On-Time,MSME_156848879
04,2025,5,9000.0,On-Time,MSME_156848879
05,2025,5,9000.0,On-Time,MSME_156848879
06,2025,5,9000.0,On-Time,MSME_156848879
07,2025,5,9000.0,On-Time,MSME_156848879
08,2025,5,9000.0,On-Time,MSME_156848879
09,2025,5,9000.0,On-Time,MSME_156848879
10,2025,5,9000.0,On-Time,MSME_156848879
11,2025,5,9000.0,On-Time,MSME_156848879
12,2025,5,9000.0,On-Time,MSME_156848879
01,2026,5,9000.0,On-Time,MSME_156848879
02,2026,5,9000.0,On-Time,MSME_156848879
03,2026,5,9000.0,On-Time,MSME_156848879
04,2026,5,9000.0,On-Time,MSME_156848879
05,2026,5,9000.0,On-Time,MSME_156848879
06,2026,6,10800.0,On-Time,MSME_156848879
07,2024,12,21600.0,On-Time,MSME_930472072
08,2024,12,21600.0,On-Time,MSME_930472072
09,2024,12,21600.0,On-Time,MSME_930472072
10,2024,12,21600.0,On-Time,MSME_930472072
11,2024,12,21600.0,On-Time,MSME_930472072
12,2024,12,21600.0,On-Time,MSME_930472072
01,2025,12,21600.0,On-Time,MSME_930472072
02,2025,12,21600.0,Delayed,MSME_930472072
03,2025,12,21600.0,On-Time,MSME_930472072
04,2025,12,21600.0,On-Time,MSME_930472072
05,2025,13,23400.0,On-Time,MSME_930472072
06,2025,13,23400.0,On-Time,MSME_930472072
07,2025,13,23400.0,On-Time,MSME_930472072
08,2025,13,23400.0,On-Time,MSME_930472072
09,2025,13,23400.0,On-Time,MSME_930472072
10,2025,13,23400.0,On-Time,MSME_930472072
11,2025,13,23400.0,On-Time,MSME_930472072
12,2025,13,23400.0,On-Time,MSME_930472072
01,2026,13,23400.0,On-Time,MSME_930472072
02,2026,13,23400.0,On-Time,MSME_930472072
03,2026,14,25200.0,On-Time,MSME_930472072
04,2026,14,25200.0,On-Time,MSME_930472072
05,2026,14,25200.0,On-Time,MSME_930472072
06,2026,14,25200.0,On-Time,MSME_930472072
07,2024,15,27000.0,On-Time,MSME_210376898
08,2024,15,27000.0,On-Time,MSME_210376898
09,2024,15,27000.0,On-Time,MSME_210376898
10,2024,15,27000.0,On-Time,MSME_210376898
11,2024,15,27000.0,On-Time,MSME_210376898
12,2024,15,27000.0,On-Time,MSME_210376898
01,2025,15,27000.0,On-Time,MSME_210376898
02,2025,15,27000.0,On-Time,MSME_210376898
03,2025,16,28800.0,On-Time,MSME_210376898
04,2025,16,28800.0,On-Time,MSME_210376898
05,2025,16,28800.0,On-Time,MSME_210376898
06,2025,16,28800.0,On-Time,MSME_210376898
07,2025,16,28800.0,On-Time,MSME_210376898
08,2025,16,28800.0,On-Time,MSME_210376898
09,2025,16,28800.0,On-Time,MSME_210376898
10,2025,16,28800.0,On-Time,MSME_210376898
11,2025,17,30600.0,On-Time,MSME_210376898
12,2025,17,30600.0,On-Time,MSME_210376898
01,2026,17,30600.0,On-Time,MSME_210376898
02,2026,17,30600.0,On-Time,MSME_210376898
03,2026,17,30600.0,Delayed,MSME_210376898
04,2026,17,30600.0,On-Time,MSME_210376898
05,2026,17,30600.0,On-Time,MSME_210376898
06,2026,18,32400.0,On-Time,MSME_210376898
07,2024,17,30600.0,On-Time,MSME_503658307
08,2024,17,30600.0,On-Time,MSME_503658307
09,2024,17,30600.0,On-Time,MSME_503658307
10,2024,17,30600.0,On-Time,MSME_503658307
11,2024,17,30600.0,On-Time,MSME_503658307
12,2024,17,30600.0,On-Time,MSME_503658307
01,2025,17,30600.0,On-Time,MSME_503658307
02,2025,18,32400.0,On-Time,MSME_503658307
03,2025,18,32400.0,On-Time,MSME_503658307
04,2025,18,32400.0,On-Time,MSME_503658307
05,2025,18,32400.0,On-Time,MSME_503658307
06,2025,18,32400.0,On-Time,MSME_503658307
07,2025,18,32400.0,On-Time,MSME_503658307
08,2025,18,32400.0,On-Time,MSME_503658307
09,2025,19,34200.0,On-Time,MSME_503658307
10,2025,19,34200.0,On-Time,MSME_503658307
11,2025,19,34200.0,On-Time,MSME_503658307
12,2025,19,34200.0,On-Time,MSME_503658307
01,2026,19,34200.0,On-Time,MSME_503658307
02,2026,19,34200.0,On-Time,MSME_503658307
03,2026,19,34200.0,On-Time,MSME_503658307
04,2026,20,36000.0,On-Time,MSME_503658307
05,2026,20,36000.0,On-Time,MSME_503658307
06,2026,20,36000.0,On-Time,MSME_503658307
07,2024,19,34200.0,On-Time,MSME_922097805
08,2024,19,34200.0,On-Time,MSME_922097805
09,2024,19,34200.0,On-Time,MSME_922097805
10,2024,19,34200.0,On-Time,MSME_922097805
11,2024,19,34200.0,On-Time,MSME_922097805
12,2024,19,34200.0,On-Time,MSME_922097805
01,2025,19,34200.0,On-Time,MSME_922097805
02,2025,20,36000.0,On-Time,MSME_922097805
03,2025,20,36000.0,Delayed,MSME_922097805
04,2025,20,36000.0,Delayed,MSME_922097805
05,2025,20,36000.0,On-Time,MSME_922097805
06,2025,20,36000.0,On-Time,MSME_922097805
07,2025,20,36000.0,On-Time,MSME_922097805
08,2025,21,37800.0,On-Time,MSME_922097805
09,2025,21,37800.0,On-Time,MSME_922097805
10,2025,21,37800.0,On-Time,MSME_922097805
11,2025,21,37800.0,On-Time,MSME_922097805
12,2025,21,37800.0,On-Time,MSME_922097805
01,2026,21,37800.0,Delayed,MSME_922097805
02,2026,22,39600.0,On-Time,MSME_922097805
03,2026,22,39600.0,On-Time,MSME_922097805
04,2026,22,39600.0,On-Time,MSME_922097805
05,2026,22,39600.0,On-Time,MSME_922097805
06,2026,22,39600.0,On-Time,MSME_922097805
07,2024,6,10800.0,On-Time,MSME_148365649
08,2024,5,9000.0,On-Time,MSME_148365649
09,2024,5,9000.0,Delayed,MSME_148365649
10,2024,5,9000.0,Delayed,MSME_148365649
11,2024,5,9000.0,On-Time,MSME_148365649
12,2024,5,9000.0,Delayed,MSME_148365649
01,2025,5,9000.0,Delayed,MSME_148365649
02,2025,5,9000.0,Delayed,MSME_148365649
03,2025,5,9000.0,Delayed,MSME_148365649
04,2025,5,9000.0,Delayed,MSME_148365649
05,2025,5,9000.0,Delayed,MSME_148365649
06,2025,5,9000.0,Delayed,MSME_148365649
07,2025,5,9000.0,Delayed,MSME_148365649
08,2025,5,9000.0,On-Time,MSME_148365649
09,2025,5,9000.0,Delayed,MSME_148365649
10,2025,5,9000.0,Delayed,MSME_148365649
11,2025,5,9000.0,Delayed,MSME_148365649
12,2025,5,9000.0,On-Time,MSME_148365649
01,2026,5,9000.0,On-Time,MSME_148365649
02,2026,5,9000.0,Delayed,MSME_148365649
03,2026,4,7200.0,Delayed,MSME_148365649
04,2026,4,7200.0,Delayed,MSME_148365649
05,2026,4,7200.0,Delayed,MSME_148365649
06,2026,4,7200.0,Delayed,MSME_148365649
07,2024,20,36000.0,On-Time,MSME_735423799
08,2024,20,36000.0,On-Time,MSME_735423799
09,2024,20,36000.0,On-Time,MSME_735423799
10,2024,20,36000.0,On-Time,MSME_735423799
11,2024,20,36000.0,On-Time,MSME_735423799
12,2024,20,36000.0,On-Time,MSME_735423799
01,2025,20,36000.0,On-Time,MSME_735423799
02,2025,20,36000.0,Delayed,MSME_735423799
03,2025,20,36000.0,On-Time,MSME_735423799
04,2025,20,36000.0,On-Time,MSME_735423799
05,2025,20,36000.0,On-Time,MSME_735423799
06,2025,20,36000.0,On-Time,MSME_735423799
07,2025,20,36000.0,On-Time,MSME_735423799
08,2025,20,36000.0,On-Time,MSME_735423799
09,2025,20,36000.0,On-Time,MSME_735423799
10,2025,20,36000.0,On-Time,MSME_735423799
11,2025,20,36000.0,Delayed,MSME_735423799
12,2025,20,36000.0,On-Time,MSME_735423799
01,2026,20,36000.0,On-Time,MSME_735423799
02,2026,20,36000.0,Delayed,MSME_735423799
03,2026,20,36000.0,On-Time,MSME_735423799
04,2026,20,36000.0,Delayed,MSME_735423799
05,2026,20,36000.0,On-Time,MSME_735423799
06,2026,21,37800.0,On-Time,MSME_735423799
07,2024,9,16200.0,On-Time,MSME_596604931
08,2024,8,14400.0,Delayed,MSME_596604931
09,2024,8,14400.0,On-Time,MSME_596604931
10,2024,8,14400.0,On-Time,MSME_596604931
11,2024,8,14400.0,Delayed,MSME_596604931
12,2024,8,14400.0,Delayed,MSME_596604931
01,2025,8,14400.0,Delayed,MSME_596604931
02,2025,8,14400.0,On-Time,MSME_596604931
03,2025,8,14400.0,Delayed,MSME_596604931
04,2025,8,14400.0,Delayed,MSME_596604931
05,2025,8,14400.0,On-Time,MSME_596604931
06,2025,8,14400.0,Delayed,MSME_596604931
07,2025,8,14400.0,Delayed,MSME_596604931
08,2025,7,12600.0,On-Time,MSME_596604931
09,2025,7,12600.0,Delayed,MSME_596604931
10,2025,7,12600.0,On-Time,MSME_596604931
11,2025,7,12600.0,Delayed,MSME_596604931
12,2025,7,12600.0,On-Time,MSME_596604931
01,2026,7,12600.0,Delayed,MSME_596604931
02,2026,7,12600.0,On-Time,MSME_596604931
03,2026,7,12600.0,Delayed,MSME_596604931
04,2026,7,12600.0,Delayed,MSME_596604931
05,2026,7,12600.0,Delayed,MSME_596604931
06,2026,7,12600.0,Delayed,MSME_596604931
07,2024,24,43200.0,On-Time,MSME_577239044
08,2024,24,43200.0,On-Time,MSME_577239044
09,2024,24,43200.0,On-Time,MSME_577239044
10,2024,24,43200.0,Delayed,MSME_577239044
11,2024,24,43200.0,Delayed,MSME_577239044
12,2024,24,43200.0,On-Time,MSME_577239044
01,2025,24,43200.0,Delayed,MSME_577239044
02,2025,24,43200.0,Delayed,MSME_577239044
03,2025,24,43200.0,On-Time,MSME_577239044
04,2025,24,43200.0,On-Time,MSME_577239044
05,2025,24,43200.0,On-Time,MSME_577239044
06,2025,24,43200.0,On-Time,MSME_577239044
07,2025,24,43200.0,Delayed,MSME_577239044
08,2025,24,43200.0,On-Time,MSME_577239044
09,2025,24,43200.0,On-Time,MSME_577239044
10,2025,24,43200.0,On-Time,MSME_577239044
11,2025,24,43200.0,On-Time,MSME_577239044
12,2025,24,43200.0,On-Time,MSME_577239044
01,2026,24,43200.0,Delayed,MSME_577239044
02,2026,24,43200.0,Delayed,MSME_577239044
03,2026,25,45000.0,On-Time,MSME_577239044
04,2026,25,45000.0,On-Time,MSME_577239044
05,2026,25,45000.0,On-Time,MSME_577239044
06,2026,25,45000.0,Delayed,MSME_577239044
07,2024,18,32400.0,Delayed,MSME_876749021
08,2024,17,30600.0,On-Time,MSME_876749021
09,2024,17,30600.0,Delayed,MSME_876749021
10,2024,17,30600.0,On-Time,MSME_876749021
11,2024,17,30600.0,Delayed,MSME_876749021
12,2024,17,30600.0,Delayed,MSME_876749021
01,2025,17,30600.0,On-Time,MSME_876749021
02,2025,16,28800.0,Delayed,MSME_876749021
03,2025,16,28800.0,Delayed,MSME_876749021
04,2025,16,28800.0,Delayed,MSME_876749021
05,2025,16,28800.0,Delayed,MSME_876749021
06,2025,16,28800.0,Delayed,MSME_876749021
07,2025,16,28800.0,Delayed,MSME_876749021
08,2025,15,27000.0,On-Time,MSME_876749021
09,2025,15,27000.0,Delayed,MSME_876749021
10,2025,15,27000.0,Delayed,MSME_876749021
11,2025,15,27000.0,On-Time,MSME_876749021
12,2025,15,27000.0,Delayed,MSME_876749021
01,2026,15,27000.0,Delayed,MSME_876749021
02,2026,15,27000.0,Delayed,MSME_876749021
03,2026,14,25200.0,Delayed,MSME_876749021
04,2026,14,25200.0,On-Time,MSME_876749021
05,2026,14,25200.0,Delayed,MSME_876749021
06,2026,14,25200.0,Delayed,MSME_876749021
07,2024,17,30600.0,On-Time,MSME_217224442
08,2024,17,30600.0,On-Time,MSME_217224442
09,2024,17,30600.0,On-Time,MSME_217224442
10,2024,17,30600.0,On-Time,MSME_217224442
11,2024,17,30600.0,On-Time,MSME_217224442
12,2024,17,30600.0,On-Time,MSME_217224442
01,2025,17,30600.0,On-Time,MSME_217224442
02,2025,18,32400.0,On-Time,MSME_217224442
03,2025,18,32400.0,On-Time,MSME_217224442
04,2025,18,32400.0,On-Time,MSME_217224442
05,2025,18,32400.0,On-Time,MSME_217224442
06,2025,18,32400.0,On-Time,MSME_217224442
07,2025,18,32400.0,On-Time,MSME_217224442
08,2025,18,32400.0,On-Time,MSME_217224442
09,2025,19,34200.0,On-Time,MSME_217224442
10,2025,19,34200.0,On-Time,MSME_217224442
11,2025,19,34200.0,On-Time,MSME_217224442
12,2025,19,34200.0,On-Time,MSME_217224442
01,2026,19,34200.0,On-Time,MSME_217224442
02,2026,19,34200.0,On-Time,MSME_217224442
03,2026,19,34200.0,On-Time,MSME_217224442
04,2026,20,36000.0,On-Time,MSME_217224442
05,2026,20,36000.0,On-Time,MSME_217224442
06,2026,20,36000.0,On-Time,MSME_217224442
07,2024,13,23400.0,Delayed,MSME_706184873
08,2024,13,23400.0,On-Time,MSME_706184873
09,2024,13,23400.0,On-Time,MSME_706184873
10,2024,13,23400.0,On-Time,MSME_706184873
11,2024,13,23400.0,On-Time,MSME_706184873
12,2024,13,23400.0,On-Time,MSME_706184873
01,2025,13,23400.0,On-Time,MSME_706184873
02,2025,13,23400.0,Delayed,MSME_706184873
03,2025,13,23400.0,Delayed,MSME_706184873
04,2025,13,23400.0,On-Time,MSME_706184873
05,2025,13,23400.0,On-Time,MSME_706184873
06,2025,13,23400.0,Delayed,MSME_706184873
07,2025,13,23400.0,On-Time,MSME_706184873
08,2025,13,23400.0,Delayed,MSME_706184873
09,2025,13,23400.0,Delayed,MSME_706184873
10,2025,13,23400.0,Delayed,MSME_706184873
11,2025,13,23400.0,On-Time,MSME_706184873
12,2025,13,23400.0,On-Time,MSME_706184873
01,2026,13,23400.0,On-Time,MSME_706184873
02,2026,13,23400.0,On-Time,MSME_706184873
03,2026,13,23400.0,On-Time,MSME_706184873
04,2026,13,23400.0,On-Time,MSME_706184873
05,2026,13,23400.0,On-Time,MSME_706184873
06,2026,13,23400.0,Delayed,MSME_706184873
07,2024,21,37800.0,On-Time,MSME_681188276
08,2024,21,37800.0,On-Time,MSME_681188276
09,2024,21,37800.0,On-Time,MSME_681188276
10,2024,21,37800.0,On-Time,MSME_681188276
11,2024,21,37800.0,On-Time,MSME_681188276
12,2024,21,37800.0,On-Time,MSME_681188276
01,2025,22,39600.0,On-Time,MSME_681188276
02,2025,22,39600.0,On-Time,MSME_681188276
03,2025,22,39600.0,On-Time,MSME_681188276
04,2025,22,39600.0,On-Time,MSME_681188276
05,2025,22,39600.0,On-Time,MSME_681188276
06,2025,23,41400.0,Delayed,MSME_681188276
07,2025,23,41400.0,On-Time,MSME_681188276
08,2025,23,41400.0,On-Time,MSME_681188276
09,2025,23,41400.0,On-Time,MSME_681188276
10,2025,23,41400.0,On-Time,MSME_681188276
11,2025,23,41400.0,On-Time,MSME_681188276
12,2025,24,43200.0,On-Time,MSME_681188276
01,2026,24,43200.0,On-Time,MSME_681188276
02,2026,24,43200.0,On-Time,MSME_681188276
03,2026,24,43200.0,On-Time,MSME_681188276
04,2026,24,43200.0,On-Time,MSME_681188276
05,2026,25,45000.0,On-Time,MSME_681188276
06,2026,25,45000.0,On-Time,MSME_681188276
07,2024,11,19800.0,On-Time,MSME_760950197
08,2024,11,19800.0,On-Time,MSME_760950197
09,2024,11,19800.0,On-Time,MSME_760950197
10,2024,11,19800.0,On-Time,MSME_760950197
11,2024,11,19800.0,On-Time,MSME_760950197
12,2024,11,19800.0,Delayed,MSME_760950197
01,2025,11,19800.0,On-Time,MSME_760950197
02,2025,11,19800.0,Delayed,MSME_760950197
03,2025,11,19800.0,On-Time,MSME_760950197
04,2025,11,19800.0,Delayed,MSME_760950197
05,2025,11,19800.0,On-Time,MSME_760950197
06,2025,11,19800.0,On-Time,MSME_760950197
07,2025,11,19800.0,Delayed,MSME_760950197
08,2025,11,19800.0,Delayed,MSME_760950197
09,2025,11,19800.0,On-Time,MSME_760950197
10,2025,11,19800.0,On-Time,MSME_760950197
11,2025,11,19800.0,On-Time,MSME_760950197
12,2025,11,19800.0,On-Time,MSME_760950197
01,2026,11,19800.0,On-Time,MSME_760950197
02,2026,11,19800.0,On-Time,MSME_760950197
03,2026,11,19800.0,On-Time,MSME_760950197
04,2026,11,19800.0,On-Time,MSME_760950197
05,2026,11,19800.0,Delayed,MSME_760950197
06,2026,11,19800.0,On-Time,MSME_760950197
07,2024,18,32400.0,On-Time,MSME_163891603
08,2024,17,30600.0,Delayed,MSME_163891603
09,2024,17,30600.0,On-Time,MSME_163891603
10,2024,17,30600.0,Delayed,MSME_163891603
11,2024,17,30600.0,Delayed,MSME_163891603
12,2024,17,30600.0,On-Time,MSME_163891603
01,2025,17,30600.0,On-Time,MSME_163891603
02,2025,16,28800.0,Delayed,MSME_163891603
03,2025,16,28800.0,Delayed,MSME_163891603
04,2025,16,28800.0,Delayed,MSME_163891603
05,2025,16,28800.0,On-Time,MSME_163891603
06,2025,16,28800.0,On-Time,MSME_163891603
07,2025,16,28800.0,Delayed,MSME_163891603
08,2025,15,27000.0,Delayed,MSME_163891603
09,2025,15,27000.0,On-Time,MSME_163891603
10,2025,15,27000.0,Delayed,MSME_163891603
11,2025,15,27000.0,Delayed,MSME_163891603
12,2025,15,27000.0,Delayed,MSME_163891603
01,2026,15,27000.0,Delayed,MSME_163891603
02,2026,15,27000.0,Delayed,MSME_163891603
03,2026,14,25200.0,On-Time,MSME_163891603
04,2026,14,25200.0,On-Time,MSME_163891603
05,2026,14,25200.0,Delayed,MSME_163891603
06,2026,14,25200.0,Delayed,MSME_163891603
07,2024,10,18000.0,On-Time,MSME_293600297
08,2024,10,18000.0,On-Time,MSME_293600297
09,2024,10,18000.0,On-Time,MSME_293600297
10,2024,10,18000.0,On-Time,MSME_293600297
11,2024,10,18000.0,On-Time,MSME_293600297
12,2024,10,18000.0,Delayed,MSME_293600297
01,2025,10,18000.0,On-Time,MSME_293600297
02,2025,10,18000.0,On-Time,MSME_293600297
03,2025,10,18000.0,On-Time,MSME_293600297
04,2025,10,18000.0,On-Time,MSME_293600297
05,2025,10,18000.0,On-Time,MSME_293600297
06,2025,10,18000.0,On-Time,MSME_293600297
07,2025,11,19800.0,On-Time,MSME_293600297
08,2025,11,19800.0,On-Time,MSME_293600297
09,2025,11,19800.0,Delayed,MSME_293600297
10,2025,11,19800.0,On-Time,MSME_293600297
11,2025,11,19800.0,On-Time,MSME_293600297
12,2025,11,19800.0,On-Time,MSME_293600297
01,2026,11,19800.0,On-Time,MSME_293600297
02,2026,11,19800.0,On-Time,MSME_293600297
03,2026,11,19800.0,On-Time,MSME_293600297
04,2026,11,19800.0,On-Time,MSME_293600297
05,2026,11,19800.0,On-Time,MSME_293600297
06,2026,12,21600.0,On-Time,MSME_293600297
07,2024,16,28800.0,On-Time,MSME_034241457
08,2024,16,28800.0,On-Time,MSME_034241457
09,2024,16,28800.0,On-Time,MSME_034241457
10,2024,16,28800.0,On-Time,MSME_034241457
11,2024,16,28800.0,On-Time,MSME_034241457
12,2024,16,28800.0,On-Time,MSME_034241457
01,2025,16,28800.0,On-Time,MSME_034241457
02,2025,16,28800.0,On-Time,MSME_034241457
03,2025,17,30600.0,On-Time,MSME_034241457
04,2025,17,30600.0,On-Time,MSME_034241457
05,2025,17,30600.0,On-Time,MSME_034241457
06,2025,17,30600.0,On-Time,MSME_034241457
07,2025,17,30600.0,On-Time,MSME_034241457
08,2025,17,30600.0,On-Time,MSME_034241457
09,2025,17,30600.0,On-Time,MSME_034241457
10,2025,18,32400.0,On-Time,MSME_034241457
11,2025,18,32400.0,On-Time,MSME_034241457
12,2025,18,32400.0,On-Time,MSME_034241457
01,2026,18,32400.0,On-Time,MSME_034241457
02,2026,18,32400.0,On-Time,MSME_034241457
03,2026,18,32400.0,On-Time,MSME_034241457
04,2026,18,32400.0,On-Time,MSME_034241457
05,2026,19,34200.0,On-Time,MSME_034241457
06,2026,19,34200.0,On-Time,MSME_034241457
07,2024,21,37800.0,On-Time,MSME_234700823
08,2024,21,37800.0,On-Time,MSME_234700823
09,2024,21,37800.0,On-Time,MSME_234700823
10,2024,21,37800.0,On-Time,MSME_234700823
11,2024,21,37800.0,On-Time,MSME_234700823
12,2024,21,37800.0,On-Time,MSME_234700823
01,2025,21,37800.0,On-Time,MSME_234700823
02,2025,21,37800.0,On-Time,MSME_234700823
03,2025,21,37800.0,On-Time,MSME_234700823
04,2025,21,37800.0,Delayed,MSME_234700823
05,2025,21,37800.0,On-Time,MSME_234700823
06,2025,21,37800.0,Delayed,MSME_234700823
07,2025,21,37800.0,On-Time,MSME_234700823
08,2025,21,37800.0,On-Time,MSME_234700823
09,2025,21,37800.0,Delayed,MSME_234700823
10,2025,21,37800.0,On-Time,MSME_234700823
11,2025,21,37800.0,On-Time,MSME_234700823
12,2025,21,37800.0,Delayed,MSME_234700823
01,2026,21,37800.0,On-Time,MSME_234700823
02,2026,21,37800.0,On-Time,MSME_234700823
03,2026,21,37800.0,On-Time,MSME_234700823
04,2026,21,37800.0,On-Time,MSME_234700823
05,2026,22,39600.0,Delayed,MSME_234700823
06,2026,22,39600.0,On-Time,MSME_234700823
07,2024,23,41400.0,On-Time,MSME_983789550
08,2024,23,41400.0,On-Time,MSME_983789550
09,2024,23,41400.0,On-Time,MSME_983789550
10,2024,23,41400.0,On-Time,MSME_983789550
11,2024,23,41400.0,On-Time,MSME_983789550
12,2024,24,43200.0,On-Time,MSME_983789550
01,2025,24,43200.0,On-Time,MSME_983789550
02,2025,24,43200.0,On-Time,MSME_983789550
03,2025,24,43200.0,On-Time,MSME_983789550
04,2025,24,43200.0,On-Time,MSME_983789550
05,2025,25,45000.0,On-Time,MSME_983789550
06,2025,25,45000.0,On-Time,MSME_983789550
07,2025,25,45000.0,On-Time,MSME_983789550
08,2025,25,45000.0,On-Time,MSME_983789550
09,2025,25,45000.0,On-Time,MSME_983789550
10,2025,25,45000.0,On-Time,MSME_983789550
11,2025,26,46800.0,On-Time,MSME_983789550
12,2025,26,46800.0,Delayed,MSME_983789550
01,2026,26,46800.0,On-Time,MSME_983789550
02,2026,26,46800.0,On-Time,MSME_983789550
03,2026,26,46800.0,Delayed,MSME_983789550
04,2026,27,48600.0,On-Time,MSME_983789550
05,2026,27,48600.0,Delayed,MSME_983789550
06,2026,27,48600.0,On-Time,MSME_983789550
07,2024,15,27000.0,On-Time,MSME_242200660
08,2024,15,27000.0,On-Time,MSME_242200660
09,2024,15,27000.0,Delayed,MSME_242200660
10,2024,15,27000.0,On-Time,MSME_242200660
11,2024,15,27000.0,On-Time,MSME_242200660
12,2024,15,27000.0,On-Time,MSME_242200660
01,2025,15,27000.0,Delayed,MSME_242200660
02,2025,15,27000.0,On-Time,MSME_242200660
03,2025,16,28800.0,On-Time,MSME_242200660
04,2025,16,28800.0,Delayed,MSME_242200660
05,2025,16,28800.0,On-Time,MSME_242200660
06,2025,16,28800.0,On-Time,MSME_242200660
07,2025,16,28800.0,On-Time,MSME_242200660
08,2025,16,28800.0,On-Time,MSME_242200660
09,2025,16,28800.0,On-Time,MSME_242200660
10,2025,16,28800.0,On-Time,MSME_242200660
11,2025,17,30600.0,On-Time,MSME_242200660
12,2025,17,30600.0,On-Time,MSME_242200660
01,2026,17,30600.0,On-Time,MSME_242200660
02,2026,17,30600.0,On-Time,MSME_242200660
03,2026,17,30600.0,On-Time,MSME_242200660
04,2026,17,30600.0,On-Time,MSME_242200660
05,2026,17,30600.0,On-Time,MSME_242200660
06,2026,18,32400.0,On-Time,MSME_242200660
07,2024,22,39600.0,On-Time,MSME_063365850
08,2024,22,39600.0,On-Time,MSME_063365850
09,2024,22,39600.0,On-Time,MSME_063365850
10,2024,22,39600.0,On-Time,MSME_063365850
11,2024,22,39600.0,On-Time,MSME_063365850
12,2024,22,39600.0,On-Time,MSME_063365850
01,2025,23,41400.0,On-Time,MSME_063365850
02,2025,23,41400.0,On-Time,MSME_063365850
03,2025,23,41400.0,On-Time,MSME_063365850
04,2025,23,41400.0,On-Time,MSME_063365850
05,2025,23,41400.0,On-Time,MSME_063365850
06,2025,24,43200.0,On-Time,MSME_063365850
07,2025,24,43200.0,On-Time,MSME_063365850
08,2025,24,43200.0,On-Time,MSME_063365850
09,2025,24,43200.0,On-Time,MSME_063365850
10,2025,24,43200.0,On-Time,MSME_063365850
11,2025,25,45000.0,Delayed,MSME_063365850
12,2025,25,45000.0,On-Time,MSME_063365850
01,2026,25,45000.0,On-Time,MSME_063365850
02,2026,25,45000.0,On-Time,MSME_063365850
03,2026,25,45000.0,On-Time,MSME_063365850
04,2026,26,46800.0,On-Time,MSME_063365850
05,2026,26,46800.0,On-Time,MSME_063365850
06,2026,26,46800.0,On-Time,MSME_063365850
07,2024,8,14400.0,Delayed,MSME_259581076
08,2024,7,12600.0,Delayed,MSME_259581076
09,2024,7,12600.0,On-Time,MSME_259581076
10,2024,7,12600.0,Delayed,MSME_259581076
11,2024,7,12600.0,Delayed,MSME_259581076
12,2024,7,12600.0,Delayed,MSME_259581076
01,2025,7,12600.0,Delayed,MSME_259581076
02,2025,7,12600.0,On-Time,MSME_259581076
03,2025,7,12600.0,Delayed,MSME_259581076
04,2025,7,12600.0,Delayed,MSME_259581076
05,2025,7,12600.0,On-Time,MSME_259581076
06,2025,7,12600.0,Delayed,MSME_259581076
07,2025,7,12600.0,Delayed,MSME_259581076
08,2025,7,12600.0,Delayed,MSME_259581076
09,2025,7,12600.0,On-Time,MSME_259581076
10,2025,6,10800.0,Delayed,MSME_259581076
11,2025,6,10800.0,Delayed,MSME_259581076
12,2025,6,10800.0,Delayed,MSME_259581076
01,2026,6,10800.0,On-Time,MSME_259581076
02,2026,6,10800.0,On-Time,MSME_259581076
03,2026,6,10800.0,Delayed,MSME_259581076
04,2026,6,10800.0,Delayed,MSME_259581076
05,2026,6,10800.0,Delayed,MSME_259581076
06,2026,6,10800.0,Delayed,MSME_259581076
07,2024,15,27000.0,On-Time,MSME_445640461
08,2024,15,27000.0,On-Time,MSME_445640461
09,2024,15,27000.0,On-Time,MSME_445640461
10,2024,15,27000.0,Delayed,MSME_445640461
11,2024,15,27000.0,On-Time,MSME_445640461
12,2024,15,27000.0,On-Time,MSME_445640461
01,2025,15,27000.0,On-Time,MSME_445640461
02,2025,15,27000.0,Delayed,MSME_445640461
03,2025,16,28800.0,Delayed,MSME_445640461
04,2025,16,28800.0,On-Time,MSME_445640461
05,2025,16,28800.0,On-Time,MSME_445640461
06,2025,16,28800.0,On-Time,MSME_445640461
07,2025,16,28800.0,On-Time,MSME_445640461
08,2025,16,28800.0,On-Time,MSME_445640461
09,2025,16,28800.0,On-Time,MSME_445640461
10,2025,16,28800.0,On-Time,MSME_445640461
11,2025,17,30600.0,On-Time,MSME_445640461
12,2025,17,30600.0,On-Time,MSME_445640461
01,2026,17,30600.0,Delayed,MSME_445640461
02,2026,17,30600.0,On-Time,MSME_445640461
03,2026,17,30600.0,On-Time,MSME_445640461
04,2026,17,30600.0,On-Time,MSME_445640461
05,2026,17,30600.0,On-Time,MSME_445640461
06,2026,18,32400.0,On-Time,MSME_445640461
07,2024,23,41400.0,On-Time,MSME_825603925
08,2024,23,41400.0,On-Time,MSME_825603925
09,2024,23,41400.0,On-Time,MSME_825603925
10,2024,23,41400.0,On-Time,MSME_825603925
11,2024,23,41400.0,On-Time,MSME_825603925
12,2024,24,43200.0,On-Time,MSME_825603925
01,2025,24,43200.0,On-Time,MSME_825603925
02,2025,24,43200.0,On-Time,MSME_825603925
03,2025,24,43200.0,On-Time,MSME_825603925
04,2025,24,43200.0,On-Time,MSME_825603925
05,2025,25,45000.0,On-Time,MSME_825603925
06,2025,25,45000.0,On-Time,MSME_825603925
07,2025,25,45000.0,On-Time,MSME_825603925
08,2025,25,45000.0,On-Time,MSME_825603925
09,2025,25,45000.0,On-Time,MSME_825603925
10,2025,25,45000.0,On-Time,MSME_825603925
11,2025,26,46800.0,On-Time,MSME_825603925
12,2025,26,46800.0,On-Time,MSME_825603925
01,2026,26,46800.0,On-Time,MSME_825603925
02,2026,26,46800.0,On-Time,MSME_825603925
03,2026,26,46800.0,On-Time,MSME_825603925
04,2026,27,48600.0,On-Time,MSME_825603925
05,2026,27,48600.0,On-Time,MSME_825603925
06,2026,27,48600.0,On-Time,MSME_825603925
07,2024,7,12600.0,On-Time,MSME_447369952
08,2024,7,12600.0,Delayed,MSME_447369952
09,2024,7,12600.0,Delayed,MSME_447369952
10,2024,7,12600.0,On-Time,MSME_447369952
11,2024,7,12600.0,On-Time,MSME_447369952
12,2024,7,12600.0,On-Time,MSME_447369952
01,2025,7,12600.0,Delayed,MSME_447369952
02,2025,7,12600.0,On-Time,MSME_447369952
03,2025,7,12600.0,Delayed,MSME_447369952
04,2025,7,12600.0,On-Time,MSME_447369952
05,2025,7,12600.0,Delayed,MSME_447369952
06,2025,7,12600.0,On-Time,MSME_447369952
07,2025,7,12600.0,On-Time,MSME_447369952
08,2025,7,12600.0,On-Time,MSME_447369952
09,2025,7,12600.0,On-Time,MSME_447369952
10,2025,7,12600.0,On-Time,MSME_447369952
11,2025,7,12600.0,On-Time,MSME_447369952
12,2025,7,12600.0,On-Time,MSME_447369952
01,2026,7,12600.0,Delayed,MSME_447369952
02,2026,7,12600.0,On-Time,MSME_447369952
03,2026,7,12600.0,Delayed,MSME_447369952
04,2026,7,12600.0,On-Time,MSME_447369952
05,2026,7,12600.0,On-Time,MSME_447369952
06,2026,7,12600.0,Delayed,MSME_447369952
07,2024,12,21600.0,On-Time,MSME_625354755
08,2024,11,19800.0,On-Time,MSME_625354755
09,2024,11,19800.0,Delayed,MSME_625354755
10,2024,11,19800.0,Delayed,MSME_625354755
11,2024,11,19800.0,Delayed,MSME_625354755
12,2024,11,19800.0,On-Time,MSME_625354755
01,2025,11,19800.0,Delayed,MSME_625354755
02,2025,11,19800.0,Delayed,MSME_625354755
03,2025,11,19800.0,Delayed,MSME_625354755
04,2025,11,19800.0,On-Time,MSME_625354755
05,2025,10,18000.0,Delayed,MSME_625354755
06,2025,10,18000.0,On-Time,MSME_625354755
07,2025,10,18000.0,Delayed,MSME_625354755
08,2025,10,18000.0,Delayed,MSME_625354755
09,2025,10,18000.0,On-Time,MSME_625354755
10,2025,10,18000.0,Delayed,MSME_625354755
11,2025,10,18000.0,On-Time,MSME_625354755
12,2025,10,18000.0,Delayed,MSME_625354755
01,2026,10,18000.0,Delayed,MSME_625354755
02,2026,10,18000.0,Delayed,MSME_625354755
03,2026,9,16200.0,On-Time,MSME_625354755
04,2026,9,16200.0,On-Time,MSME_625354755
05,2026,9,16200.0,On-Time,MSME_625354755
06,2026,9,16200.0,Delayed,MSME_625354755
07,2024,14,25200.0,On-Time,MSME_143705672
08,2024,14,25200.0,On-Time,MSME_143705672
09,2024,14,25200.0,On-Time,MSME_143705672
10,2024,14,25200.0,On-Time,MSME_143705672
11,2024,14,25200.0,On-Time,MSME_143705672
12,2024,14,25200.0,On-Time,MSME_143705672
01,2025,14,25200.0,On-Time,MSME_143705672
02,2025,14,25200.0,On-Time,MSME_143705672
03,2025,14,25200.0,On-Time,MSME_143705672
04,2025,15,27000.0,On-Time,MSME_143705672
05,2025,15,27000.0,On-Time,MSME_143705672
06,2025,15,27000.0,On-Time,MSME_143705672
07,2025,15,27000.0,On-Time,MSME_143705672
08,2025,15,27000.0,On-Time,MSME_143705672
09,2025,15,27000.0,On-Time,MSME_143705672
10,2025,15,27000.0,On-Time,MSME_143705672
11,2025,15,27000.0,On-Time,MSME_143705672
12,2025,16,28800.0,On-Time,MSME_143705672
01,2026,16,28800.0,On-Time,MSME_143705672
02,2026,16,28800.0,On-Time,MSME_143705672
03,2026,16,28800.0,Delayed,MSME_143705672
04,2026,16,28800.0,Delayed,MSME_143705672
05,2026,16,28800.0,On-Time,MSME_143705672
06,2026,16,28800.0,Delayed,MSME_143705672
07,2024,24,43200.0,On-Time,MSME_684706453
08,2024,24,43200.0,On-Time,MSME_684706453
09,2024,24,43200.0,On-Time,MSME_684706453
10,2024,24,43200.0,On-Time,MSME_684706453
11,2024,24,43200.0,On-Time,MSME_684706453
12,2024,24,43200.0,On-Time,MSME_684706453
01,2025,24,43200.0,Delayed,MSME_684706453
02,2025,24,43200.0,Delayed,MSME_684706453
03,2025,24,43200.0,Delayed,MSME_684706453
04,2025,24,43200.0,Delayed,MSME_684706453
05,2025,24,43200.0,Delayed,MSME_684706453
06,2025,24,43200.0,On-Time,MSME_684706453
07,2025,24,43200.0,On-Time,MSME_684706453
08,2025,24,43200.0,Delayed,MSME_684706453
09,2025,24,43200.0,On-Time,MSME_684706453
10,2025,24,43200.0,Delayed,MSME_684706453
11,2025,24,43200.0,Delayed,MSME_684706453
12,2025,24,43200.0,On-Time,MSME_684706453
01,2026,24,43200.0,Delayed,MSME_684706453
02,2026,24,43200.0,On-Time,MSME_684706453
03,2026,25,45000.0,On-Time,MSME_684706453
04,2026,25,45000.0,Delayed,MSME_684706453
05,2026,25,45000.0,On-Time,MSME_684706453
06,2026,25,45000.0,On-Time,MSME_684706453
07,2024,19,34200.0,On-Time,MSME_199574834
08,2024,19,34200.0,On-Time,MSME_199574834
09,2024,19,34200.0,On-Time,MSME_199574834
10,2024,19,34200.0,On-Time,MSME_199574834
11,2024,19,34200.0,On-Time,MSME_199574834
12,2024,19,34200.0,On-Time,MSME_199574834
01,2025,19,34200.0,On-Time,MSME_199574834
02,2025,20,36000.0,On-Time,MSME_199574834
03,2025,20,36000.0,On-Time,MSME_199574834
04,2025,20,36000.0,Delayed,MSME_199574834
05,2025,20,36000.0,On-Time,MSME_199574834
06,2025,20,36000.0,On-Time,MSME_199574834
07,2025,20,36000.0,On-Time,MSME_199574834
08,2025,21,37800.0,Delayed,MSME_199574834
09,2025,21,37800.0,On-Time,MSME_199574834
10,2025,21,37800.0,On-Time,MSME_199574834
11,2025,21,37800.0,On-Time,MSME_199574834
12,2025,21,37800.0,On-Time,MSME_199574834
01,2026,21,37800.0,Delayed,MSME_199574834
02,2026,22,39600.0,On-Time,MSME_199574834
03,2026,22,39600.0,On-Time,MSME_199574834
04,2026,22,39600.0,On-Time,MSME_199574834
05,2026,22,39600.0,On-Time,MSME_199574834
06,2026,22,39600.0,On-Time,MSME_199574834
07,2024,18,32400.0,Delayed,MSME_741155865
08,2024,18,32400.0,On-Time,MSME_741155865
09,2024,18,32400.0,On-Time,MSME_741155865
10,2024,18,32400.0,On-Time,MSME_741155865
11,2024,18,32400.0,On-Time,MSME_741155865
12,2024,18,32400.0,On-Time,MSME_741155865
01,2025,18,32400.0,On-Time,MSME_741155865
02,2025,18,32400.0,On-Time,MSME_741155865
03,2025,18,32400.0,On-Time,MSME_741155865
04,2025,18,32400.0,Delayed,MSME_741155865
05,2025,18,32400.0,On-Time,MSME_741155865
06,2025,18,32400.0,On-Time,MSME_741155865
07,2025,18,32400.0,On-Time,MSME_741155865
08,2025,18,32400.0,On-Time,MSME_741155865
09,2025,18,32400.0,Delayed,MSME_741155865
10,2025,18,32400.0,On-Time,MSME_741155865
11,2025,18,32400.0,Delayed,MSME_741155865
12,2025,18,32400.0,On-Time,MSME_741155865
01,2026,18,32400.0,Delayed,MSME_741155865
02,2026,18,32400.0,On-Time,MSME_741155865
03,2026,18,32400.0,On-Time,MSME_741155865
04,2026,18,32400.0,On-Time,MSME_741155865
05,2026,18,32400.0,Delayed,MSME_741155865
06,2026,18,32400.0,On-Time,MSME_741155865
07,2024,4,7200.0,On-Time,MSME_083551270
08,2024,4,7200.0,Delayed,MSME_083551270
09,2024,4,7200.0,Delayed,MSME_083551270
10,2024,4,7200.0,On-Time,MSME_083551270
11,2024,4,7200.0,On-Time,MSME_083551270
12,2024,4,7200.0,Delayed,MSME_083551270
01,2025,4,7200.0,On-Time,MSME_083551270
02,2025,4,7200.0,On-Time,MSME_083551270
03,2025,4,7200.0,On-Time,MSME_083551270
04,2025,4,7200.0,On-Time,MSME_083551270
05,2025,4,7200.0,On-Time,MSME_083551270
06,2025,4,7200.0,On-Time,MSME_083551270
07,2025,4,7200.0,Delayed,MSME_083551270
08,2025,4,7200.0,Delayed,MSME_083551270
09,2025,4,7200.0,On-Time,MSME_083551270
10,2025,4,7200.0,Delayed,MSME_083551270
11,2025,4,7200.0,Delayed,MSME_083551270
12,2025,4,7200.0,On-Time,MSME_083551270
01,2026,4,7200.0,On-Time,MSME_083551270
02,2026,4,7200.0,Delayed,MSME_083551270
03,2026,4,7200.0,Delayed,MSME_083551270
04,2026,4,7200.0,Delayed,MSME_083551270
05,2026,4,7200.0,On-Time,MSME_083551270
06,2026,4,7200.0,On-Time,MSME_083551270
07,2024,9,16200.0,On-Time,MSME_872243769
08,2024,9,16200.0,On-Time,MSME_872243769
09,2024,9,16200.0,Delayed,MSME_872243769
10,2024,9,16200.0,On-Time,MSME_872243769
11,2024,9,16200.0,Delayed,MSME_872243769
12,2024,9,16200.0,On-Time,MSME_872243769
01,2025,9,16200.0,On-Time,MSME_872243769
02,2025,9,16200.0,On-Time,MSME_872243769
03,2025,9,16200.0,On-Time,MSME_872243769
04,2025,9,16200.0,Delayed,MSME_872243769
05,2025,9,16200.0,Delayed,MSME_872243769
06,2025,9,16200.0,On-Time,MSME_872243769
07,2025,9,16200.0,On-Time,MSME_872243769
08,2025,10,18000.0,On-Time,MSME_872243769
09,2025,10,18000.0,On-Time,MSME_872243769
10,2025,10,18000.0,On-Time,MSME_872243769
11,2025,10,18000.0,On-Time,MSME_872243769
12,2025,10,18000.0,On-Time,MSME_872243769
01,2026,10,18000.0,On-Time,MSME_872243769
02,2026,10,18000.0,On-Time,MSME_872243769
03,2026,10,18000.0,On-Time,MSME_872243769
04,2026,10,18000.0,On-Time,MSME_872243769
05,2026,10,18000.0,On-Time,MSME_872243769
06,2026,10,18000.0,On-Time,MSME_872243769
07,2024,19,34200.0,On-Time,MSME_403941264
08,2024,19,34200.0,On-Time,MSME_403941264
09,2024,19,34200.0,On-Time,MSME_403941264
10,2024,19,34200.0,On-Time,MSME_403941264
11,2024,19,34200.0,On-Time,MSME_403941264
12,2024,19,34200.0,On-Time,MSME_403941264
01,2025,19,34200.0,On-Time,MSME_403941264
02,2025,20,36000.0,On-Time,MSME_403941264
03,2025,20,36000.0,On-Time,MSME_403941264
04,2025,20,36000.0,On-Time,MSME_403941264
05,2025,20,36000.0,On-Time,MSME_403941264
06,2025,20,36000.0,On-Time,MSME_403941264
07,2025,20,36000.0,On-Time,MSME_403941264
08,2025,21,37800.0,On-Time,MSME_403941264
09,2025,21,37800.0,On-Time,MSME_403941264
10,2025,21,37800.0,On-Time,MSME_403941264
11,2025,21,37800.0,On-Time,MSME_403941264
12,2025,21,37800.0,On-Time,MSME_403941264
01,2026,21,37800.0,On-Time,MSME_403941264
02,2026,22,39600.0,On-Time,MSME_403941264
03,2026,22,39600.0,On-Time,MSME_403941264
04,2026,22,39600.0,On-Time,MSME_403941264
05,2026,22,39600.0,On-Time,MSME_403941264
06,2026,22,39600.0,On-Time,MSME_403941264
07,2024,8,14400.0,On-Time,MSME_612792794
08,2024,8,14400.0,On-Time,MSME_612792794
09,2024,8,14400.0,On-Time,MSME_612792794
10,2024,8,14400.0,On-Time,MSME_612792794
11,2024,8,14400.0,On-Time,MSME_612792794
12,2024,8,14400.0,On-Time,MSME_612792794
01,2025,8,14400.0,On-Time,MSME_612792794
02,2025,8,14400.0,On-Time,MSME_612792794
03,2025,8,14400.0,On-Time,MSME_612792794
04,2025,8,14400.0,On-Time,MSME_612792794
05,2025,8,14400.0,On-Time,MSME_612792794
06,2025,8,14400.0,On-Time,MSME_612792794
07,2025,8,14400.0,On-Time,MSME_612792794
08,2025,8,14400.0,On-Time,MSME_612792794
09,2025,8,14400.0,On-Time,MSME_612792794
10,2025,9,16200.0,On-Time,MSME_612792794
11,2025,9,16200.0,On-Time,MSME_612792794
12,2025,9,16200.0,On-Time,MSME_612792794
01,2026,9,16200.0,On-Time,MSME_612792794
02,2026,9,16200.0,On-Time,MSME_612792794
03,2026,9,16200.0,Delayed,MSME_612792794
04,2026,9,16200.0,On-Time,MSME_612792794
05,2026,9,16200.0,On-Time,MSME_612792794
06,2026,9,16200.0,On-Time,MSME_612792794
07,2024,13,23400.0,On-Time,MSME_203138009
08,2024,13,23400.0,On-Time,MSME_203138009
09,2024,13,23400.0,On-Time,MSME_203138009
10,2024,13,23400.0,On-Time,MSME_203138009
11,2024,13,23400.0,On-Time,MSME_203138009
12,2024,13,23400.0,On-Time,MSME_203138009
01,2025,13,23400.0,On-Time,MSME_203138009
02,2025,13,23400.0,On-Time,MSME_203138009
03,2025,13,23400.0,On-Time,MSME_203138009
04,2025,14,25200.0,On-Time,MSME_203138009
05,2025,14,25200.0,Delayed,MSME_203138009
06,2025,14,25200.0,On-Time,MSME_203138009
07,2025,14,25200.0,On-Time,MSME_203138009
08,2025,14,25200.0,On-Time,MSME_203138009
09,2025,14,25200.0,On-Time,MSME_203138009
10,2025,14,25200.0,On-Time,MSME_203138009
11,2025,14,25200.0,On-Time,MSME_203138009
12,2025,14,25200.0,On-Time,MSME_203138009
01,2026,15,27000.0,On-Time,MSME_203138009
02,2026,15,27000.0,On-Time,MSME_203138009
03,2026,15,27000.0,On-Time,MSME_203138009
04,2026,15,27000.0,On-Time,MSME_203138009
05,2026,15,27000.0,On-Time,MSME_203138009
06,2026,15,27000.0,On-Time,MSME_203138009
07,2024,16,28800.0,On-Time,MSME_635530403
08,2024,16,28800.0,On-Time,MSME_635530403
09,2024,16,28800.0,On-Time,MSME_635530403
10,2024,16,28800.0,Delayed,MSME_635530403
11,2024,16,28800.0,On-Time,MSME_635530403
12,2024,16,28800.0,On-Time,MSME_635530403
01,2025,16,28800.0,On-Time,MSME_635530403
02,2025,16,28800.0,Delayed,MSME_635530403
03,2025,16,28800.0,On-Time,MSME_635530403
04,2025,16,28800.0,Delayed,MSME_635530403
05,2025,16,28800.0,On-Time,MSME_635530403
06,2025,16,28800.0,On-Time,MSME_635530403
07,2025,16,28800.0,Delayed,MSME_635530403
08,2025,16,28800.0,On-Time,MSME_635530403
09,2025,16,28800.0,Delayed,MSME_635530403
10,2025,16,28800.0,On-Time,MSME_635530403
11,2025,16,28800.0,On-Time,MSME_635530403
12,2025,16,28800.0,On-Time,MSME_635530403
01,2026,16,28800.0,On-Time,MSME_635530403
02,2026,16,28800.0,Delayed,MSME_635530403
03,2026,16,28800.0,On-Time,MSME_635530403
04,2026,16,28800.0,Delayed,MSME_635530403
05,2026,16,28800.0,On-Time,MSME_635530403
06,2026,16,28800.0,On-Time,MSME_635530403
07,2024,8,14400.0,On-Time,MSME_534033361
08,2024,8,14400.0,On-Time,MSME_534033361
09,2024,8,14400.0,On-Time,MSME_534033361
10,2024,8,14400.0,On-Time,MSME_534033361
11,2024,8,14400.0,On-Time,MSME_534033361
12,2024,8,14400.0,On-Time,MSME_534033361
01,2025,8,14400.0,On-Time,MSME_534033361
02,2025,8,14400.0,On-Time,MSME_534033361
03,2025,8,14400.0,On-Time,MSME_534033361
04,2025,8,14400.0,On-Time,MSME_534033361
05,2025,8,14400.0,On-Time,MSME_534033361
06,2025,8,14400.0,On-Time,MSME_534033361
07,2025,8,14400.0,On-Time,MSME_534033361
08,2025,8,14400.0,On-Time,MSME_534033361
09,2025,8,14400.0,Delayed,MSME_534033361
10,2025,9,16200.0,Delayed,MSME_534033361
11,2025,9,16200.0,On-Time,MSME_534033361
12,2025,9,16200.0,On-Time,MSME_534033361
01,2026,9,16200.0,On-Time,MSME_534033361
02,2026,9,16200.0,On-Time,MSME_534033361
03,2026,9,16200.0,On-Time,MSME_534033361
04,2026,9,16200.0,On-Time,MSME_534033361
05,2026,9,16200.0,Delayed,MSME_534033361
06,2026,9,16200.0,On-Time,MSME_534033361
07,2024,11,19800.0,On-Time,MSME_058907367
08,2024,11,19800.0,On-Time,MSME_058907367
09,2024,11,19800.0,Delayed,MSME_058907367
10,2024,11,19800.0,On-Time,MSME_058907367
11,2024,11,19800.0,On-Time,MSME_058907367
12,2024,11,19800.0,On-Time,MSME_058907367
01,2025,11,19800.0,Delayed,MSME_058907367
02,2025,11,19800.0,Delayed,MSME_058907367
03,2025,11,19800.0,On-Time,MSME_058907367
04,2025,11,19800.0,On-Time,MSME_058907367
05,2025,11,19800.0,Delayed,MSME_058907367
06,2025,11,19800.0,On-Time,MSME_058907367
07,2025,11,19800.0,On-Time,MSME_058907367
08,2025,11,19800.0,On-Time,MSME_058907367
09,2025,11,19800.0,On-Time,MSME_058907367
10,2025,11,19800.0,On-Time,MSME_058907367
11,2025,11,19800.0,On-Time,MSME_058907367
12,2025,11,19800.0,On-Time,MSME_058907367
01,2026,11,19800.0,On-Time,MSME_058907367
02,2026,11,19800.0,On-Time,MSME_058907367
03,2026,11,19800.0,On-Time,MSME_058907367
04,2026,11,19800.0,On-Time,MSME_058907367
05,2026,11,19800.0,On-Time,MSME_058907367
06,2026,11,19800.0,On-Time,MSME_058907367
07,2024,4,7200.0,Delayed,MSME_121804727
08,2024,4,7200.0,On-Time,MSME_121804727
09,2024,4,7200.0,On-Time,MSME_121804727
10,2024,4,7200.0,Delayed,MSME_121804727
11,2024,4,7200.0,On-Time,MSME_121804727
12,2024,4,7200.0,On-Time,MSME_121804727
01,2025,4,7200.0,On-Time,MSME_121804727
02,2025,4,7200.0,On-Time,MSME_121804727
03,2025,4,7200.0,On-Time,MSME_121804727
04,2025,4,7200.0,On-Time,MSME_121804727
05,2025,4,7200.0,Delayed,MSME_121804727
06,2025,4,7200.0,On-Time,MSME_121804727
07,2025,4,7200.0,On-Time,MSME_121804727
08,2025,4,7200.0,On-Time,MSME_121804727
09,2025,4,7200.0,On-Time,MSME_121804727
10,2025,4,7200.0,On-Time,MSME_121804727
11,2025,4,7200.0,On-Time,MSME_121804727
12,2025,4,7200.0,On-Time,MSME_121804727
01,2026,4,7200.0,On-Time,MSME_121804727
02,2026,4,7200.0,On-Time,MSME_121804727
03,2026,4,7200.0,On-Time,MSME_121804727
04,2026,4,7200.0,On-Time,MSME_121804727
05,2026,4,7200.0,On-Time,MSME_121804727
06,2026,4,7200.0,On-Time,MSME_121804727
07,2024,11,19800.0,Delayed,MSME_902850609
08,2024,10,18000.0,On-Time,MSME_902850609
09,2024,10,18000.0,On-Time,MSME_902850609
10,2024,10,18000.0,On-Time,MSME_902850609
11,2024,10,18000.0,Delayed,MSME_902850609
12,2024,10,18000.0,Delayed,MSME_902850609
01,2025,10,18000.0,On-Time,MSME_902850609
02,2025,10,18000.0,Delayed,MSME_902850609
03,2025,10,18000.0,On-Time,MSME_902850609
04,2025,10,18000.0,Delayed,MSME_902850609
05,2025,10,18000.0,Delayed,MSME_902850609
06,2025,9,16200.0,Delayed,MSME_902850609
07,2025,9,16200.0,Delayed,MSME_902850609
08,2025,9,16200.0,Delayed,MSME_902850609
09,2025,9,16200.0,Delayed,MSME_902850609
10,2025,9,16200.0,On-Time,MSME_902850609
11,2025,9,16200.0,On-Time,MSME_902850609
12,2025,9,16200.0,Delayed,MSME_902850609
01,2026,9,16200.0,Delayed,MSME_902850609
02,2026,9,16200.0,Delayed,MSME_902850609
03,2026,9,16200.0,Delayed,MSME_902850609
04,2026,8,14400.0,On-Time,MSME_902850609
05,2026,8,14400.0,Delayed,MSME_902850609
06,2026,8,14400.0,Delayed,MSME_902850609
07,2024,13,23400.0,Delayed,MSME_114691153
08,2024,12,21600.0,Delayed,MSME_114691153
09,2024,12,21600.0,Delayed,MSME_114691153
10,2024,12,21600.0,Delayed,MSME_114691153
11,2024,12,21600.0,On-Time,MSME_114691153
12,2024,12,21600.0,Delayed,MSME_114691153
01,2025,12,21600.0,Delayed,MSME_114691153
02,2025,12,21600.0,Delayed,MSME_114691153
03,2025,12,21600.0,On-Time,MSME_114691153
04,2025,11,19800.0,Delayed,MSME_114691153
05,2025,11,19800.0,On-Time,MSME_114691153
06,2025,11,19800.0,Delayed,MSME_114691153
07,2025,11,19800.0,Delayed,MSME_114691153
08,2025,11,19800.0,Delayed,MSME_114691153
09,2025,11,19800.0,Delayed,MSME_114691153
10,2025,11,19800.0,Delayed,MSME_114691153
11,2025,11,19800.0,Delayed,MSME_114691153
12,2025,11,19800.0,On-Time,MSME_114691153
01,2026,10,18000.0,Delayed,MSME_114691153
02,2026,10,18000.0,On-Time,MSME_114691153
03,2026,10,18000.0,Delayed,MSME_114691153
04,2026,10,18000.0,Delayed,MSME_114691153
05,2026,10,18000.0,Delayed,MSME_114691153
06,2026,10,18000.0,Delayed,MSME_114691153
07,2024,13,23400.0,On-Time,MSME_992927801
08,2024,13,23400.0,On-Time,MSME_992927801
09,2024,13,23400.0,On-Time,MSME_992927801
10,2024,13,23400.0,On-Time,MSME_992927801
11,2024,13,23400.0,On-Time,MSME_992927801
12,2024,13,23400.0,On-Time,MSME_992927801
01,2025,13,23400.0,On-Time,MSME_992927801
02,2025,13,23400.0,On-Time,MSME_992927801
03,2025,13,23400.0,On-Time,MSME_992927801
04,2025,14,25200.0,On-Time,MSME_992927801
05,2025,14,25200.0,On-Time,MSME_992927801
06,2025,14,25200.0,On-Time,MSME_992927801
07,2025,14,25200.0,On-Time,MSME_992927801
08,2025,14,25200.0,On-Time,MSME_992927801
09,2025,14,25200.0,On-Time,MSME_992927801
10,2025,14,25200.0,On-Time,MSME_992927801
11,2025,14,25200.0,On-Time,MSME_992927801
12,2025,14,25200.0,Delayed,MSME_992927801
01,2026,15,27000.0,On-Time,MSME_992927801
02,2026,15,27000.0,On-Time,MSME_992927801
03,2026,15,27000.0,Delayed,MSME_992927801
04,2026,15,27000.0,On-Time,MSME_992927801
05,2026,15,27000.0,On-Time,MSME_992927801
06,2026,15,27000.0,On-Time,MSME_992927801
07,2024,18,32400.0,On-Time,MSME_041872725
08,2024,18,32400.0,On-Time,MSME_041872725
09,2024,18,32400.0,On-Time,MSME_041872725
10,2024,18,32400.0,On-Time,MSME_041872725
11,2024,18,32400.0,On-Time,MSME_041872725
12,2024,18,32400.0,On-Time,MSME_041872725
01,2025,18,32400.0,On-Time,MSME_041872725
02,2025,19,34200.0,On-Time,MSME_041872725
03,2025,19,34200.0,On-Time,MSME_041872725
04,2025,19,34200.0,On-Time,MSME_041872725
05,2025,19,34200.0,On-Time,MSME_041872725
06,2025,19,34200.0,On-Time,MSME_041872725
07,2025,19,34200.0,On-Time,MSME_041872725
08,2025,20,36000.0,On-Time,MSME_041872725
09,2025,20,36000.0,On-Time,MSME_041872725
10,2025,20,36000.0,On-Time,MSME_041872725
11,2025,20,36000.0,On-Time,MSME_041872725
12,2025,20,36000.0,On-Time,MSME_041872725
01,2026,20,36000.0,On-Time,MSME_041872725
02,2026,20,36000.0,On-Time,MSME_041872725
03,2026,21,37800.0,On-Time,MSME_041872725
04,2026,21,37800.0,On-Time,MSME_041872725
05,2026,21,37800.0,On-Time,MSME_041872725
06,2026,21,37800.0,On-Time,MSME_041872725
07,2024,4,7200.0,On-Time,MSME_238114832
08,2024,4,7200.0,On-Time,MSME_238114832
09,2024,4,7200.0,On-Time,MSME_238114832
10,2024,4,7200.0,On-Time,MSME_238114832
11,2024,4,7200.0,On-Time,MSME_238114832
12,2024,4,7200.0,On-Time,MSME_238114832
01,2025,4,7200.0,On-Time,MSME_238114832
02,2025,4,7200.0,On-Time,MSME_238114832
03,2025,4,7200.0,On-Time,MSME_238114832
04,2025,4,7200.0,On-Time,MSME_238114832
05,2025,4,7200.0,Delayed,MSME_238114832
06,2025,4,7200.0,On-Time,MSME_238114832
07,2025,4,7200.0,On-Time,MSME_238114832
08,2025,4,7200.0,On-Time,MSME_238114832
09,2025,4,7200.0,On-Time,MSME_238114832
10,2025,4,7200.0,On-Time,MSME_238114832
11,2025,4,7200.0,On-Time,MSME_238114832
12,2025,4,7200.0,Delayed,MSME_238114832
01,2026,4,7200.0,On-Time,MSME_238114832
02,2026,4,7200.0,On-Time,MSME_238114832
03,2026,4,7200.0,On-Time,MSME_238114832
04,2026,4,7200.0,On-Time,MSME_238114832
05,2026,4,7200.0,On-Time,MSME_238114832
06,2026,4,7200.0,On-Time,MSME_238114832
07,2024,17,30600.0,On-Time,MSME_337167396
08,2024,17,30600.0,On-Time,MSME_337167396
09,2024,17,30600.0,On-Time,MSME_337167396
10,2024,17,30600.0,On-Time,MSME_337167396
11,2024,17,30600.0,Delayed,MSME_337167396
12,2024,17,30600.0,On-Time,MSME_337167396
01,2025,17,30600.0,On-Time,MSME_337167396
02,2025,18,32400.0,On-Time,MSME_337167396
03,2025,18,32400.0,Delayed,MSME_337167396
04,2025,18,32400.0,On-Time,MSME_337167396
05,2025,18,32400.0,On-Time,MSME_337167396
06,2025,18,32400.0,On-Time,MSME_337167396
07,2025,18,32400.0,On-Time,MSME_337167396
08,2025,18,32400.0,On-Time,MSME_337167396
09,2025,19,34200.0,On-Time,MSME_337167396
10,2025,19,34200.0,On-Time,MSME_337167396
11,2025,19,34200.0,On-Time,MSME_337167396
12,2025,19,34200.0,On-Time,MSME_337167396
01,2026,19,34200.0,On-Time,MSME_337167396
02,2026,19,34200.0,On-Time,MSME_337167396
03,2026,19,34200.0,On-Time,MSME_337167396
04,2026,20,36000.0,On-Time,MSME_337167396
05,2026,20,36000.0,On-Time,MSME_337167396
06,2026,20,36000.0,On-Time,MSME_337167396
07,2024,22,39600.0,On-Time,MSME_867900215
08,2024,22,39600.0,On-Time,MSME_867900215
09,2024,22,39600.0,On-Time,MSME_867900215
10,2024,22,39600.0,On-Time,MSME_867900215
11,2024,22,39600.0,On-Time,MSME_867900215
12,2024,22,39600.0,On-Time,MSME_867900215
01,2025,23,41400.0,On-Time,MSME_867900215
02,2025,23,41400.0,On-Time,MSME_867900215
03,2025,23,41400.0,On-Time,MSME_867900215
04,2025,23,41400.0,On-Time,MSME_867900215
05,2025,23,41400.0,On-Time,MSME_867900215
06,2025,24,43200.0,On-Time,MSME_867900215
07,2025,24,43200.0,On-Time,MSME_867900215
08,2025,24,43200.0,On-Time,MSME_867900215
09,2025,24,43200.0,On-Time,MSME_867900215
10,2025,24,43200.0,On-Time,MSME_867900215
11,2025,25,45000.0,On-Time,MSME_867900215
12,2025,25,45000.0,On-Time,MSME_867900215
01,2026,25,45000.0,On-Time,MSME_867900215
02,2026,25,45000.0,On-Time,MSME_867900215
03,2026,25,45000.0,On-Time,MSME_867900215
04,2026,26,46800.0,On-Time,MSME_867900215
05,2026,26,46800.0,On-Time,MSME_867900215
06,2026,26,46800.0,On-Time,MSME_867900215
07,2024,5,9000.0,On-Time,MSME_877019536
08,2024,5,9000.0,On-Time,MSME_877019536
09,2024,5,9000.0,On-Time,MSME_877019536
10,2024,5,9000.0,On-Time,MSME_877019536
11,2024,5,9000.0,On-Time,MSME_877019536
12,2024,5,9000.0,On-Time,MSME_877019536
01,2025,5,9000.0,On-Time,MSME_877019536
02,2025,5,9000.0,On-Time,MSME_877019536
03,2025,5,9000.0,On-Time,MSME_877019536
04,2025,5,9000.0,On-Time,MSME_877019536
05,2025,5,9000.0,On-Time,MSME_877019536
06,2025,5,9000.0,On-Time,MSME_877019536
07,2025,5,9000.0,On-Time,MSME_877019536
08,2025,5,9000.0,On-Time,MSME_877019536
09,2025,5,9000.0,Delayed,MSME_877019536
10,2025,5,9000.0,On-Time,MSME_877019536
11,2025,5,9000.0,Delayed,MSME_877019536
12,2025,5,9000.0,On-Time,MSME_877019536
01,2026,5,9000.0,On-Time,MSME_877019536
02,2026,5,9000.0,On-Time,MSME_877019536
03,2026,5,9000.0,On-Time,MSME_877019536
04,2026,5,9000.0,On-Time,MSME_877019536
05,2026,5,9000.0,On-Time,MSME_877019536
06,2026,6,10800.0,On-Time,MSME_877019536
07,2024,19,34200.0,On-Time,MSME_119934502
08,2024,19,34200.0,On-Time,MSME_119934502
09,2024,19,34200.0,On-Time,MSME_119934502
10,2024,19,34200.0,On-Time,MSME_119934502
11,2024,19,34200.0,On-Time,MSME_119934502
12,2024,19,34200.0,On-Time,MSME_119934502
01,2025,19,34200.0,Delayed,MSME_119934502
02,2025,20,36000.0,On-Time,MSME_119934502
03,2025,20,36000.0,On-Time,MSME_119934502
04,2025,20,36000.0,On-Time,MSME_119934502
05,2025,20,36000.0,On-Time,MSME_119934502
06,2025,20,36000.0,On-Time,MSME_119934502
07,2025,20,36000.0,On-Time,MSME_119934502
08,2025,21,37800.0,On-Time,MSME_119934502
09,2025,21,37800.0,On-Time,MSME_119934502
10,2025,21,37800.0,On-Time,MSME_119934502
11,2025,21,37800.0,Delayed,MSME_119934502
12,2025,21,37800.0,On-Time,MSME_119934502
01,2026,21,37800.0,On-Time,MSME_119934502
02,2026,22,39600.0,On-Time,MSME_119934502
03,2026,22,39600.0,On-Time,MSME_119934502
04,2026,22,39600.0,Delayed,MSME_119934502
05,2026,22,39600.0,On-Time,MSME_119934502
06,2026,22,39600.0,On-Time,MSME_119934502
07,2024,6,10800.0,On-Time,MSME_680972097
08,2024,6,10800.0,Delayed,MSME_680972097
09,2024,6,10800.0,Delayed,MSME_680972097
10,2024,6,10800.0,On-Time,MSME_680972097
11,2024,6,10800.0,On-Time,MSME_680972097
12,2024,6,10800.0,On-Time,MSME_680972097
01,2025,6,10800.0,Delayed,MSME_680972097
02,2025,6,10800.0,Delayed,MSME_680972097
03,2025,6,10800.0,Delayed,MSME_680972097
04,2025,6,10800.0,Delayed,MSME_680972097
05,2025,6,10800.0,On-Time,MSME_680972097
06,2025,6,10800.0,On-Time,MSME_680972097
07,2025,6,10800.0,On-Time,MSME_680972097
08,2025,6,10800.0,On-Time,MSME_680972097
09,2025,6,10800.0,On-Time,MSME_680972097
10,2025,6,10800.0,On-Time,MSME_680972097
11,2025,6,10800.0,Delayed,MSME_680972097
12,2025,6,10800.0,Delayed,MSME_680972097
01,2026,6,10800.0,On-Time,MSME_680972097
02,2026,6,10800.0,On-Time,MSME_680972097
03,2026,6,10800.0,Delayed,MSME_680972097
04,2026,6,10800.0,On-Time,MSME_680972097
05,2026,6,10800.0,Delayed,MSME_680972097
06,2026,6,10800.0,On-Time,MSME_680972097
07,2024,18,32400.0,On-Time,MSME_466644817
08,2024,18,32400.0,On-Time,MSME_466644817
09,2024,18,32400.0,On-Time,MSME_466644817
10,2024,18,32400.0,On-Time,MSME_466644817
11,2024,18,32400.0,On-Time,MSME_466644817
12,2024,18,32400.0,On-Time,MSME_466644817
01,2025,18,32400.0,On-Time,MSME_466644817
02,2025,19,34200.0,On-Time,MSME_466644817
03,2025,19,34200.0,On-Time,MSME_466644817
04,2025,19,34200.0,Delayed,MSME_466644817
05,2025,19,34200.0,On-Time,MSME_466644817
06,2025,19,34200.0,On-Time,MSME_466644817
07,2025,19,34200.0,On-Time,MSME_466644817
08,2025,20,36000.0,On-Time,MSME_466644817
09,2025,20,36000.0,Delayed,MSME_466644817
10,2025,20,36000.0,On-Time,MSME_466644817
11,2025,20,36000.0,On-Time,MSME_466644817
12,2025,20,36000.0,On-Time,MSME_466644817
01,2026,20,36000.0,On-Time,MSME_466644817
02,2026,20,36000.0,On-Time,MSME_466644817
03,2026,21,37800.0,On-Time,MSME_466644817
04,2026,21,37800.0,On-Time,MSME_466644817
05,2026,21,37800.0,On-Time,MSME_466644817
06,2026,21,37800.0,On-Time,MSME_466644817
07,2024,20,36000.0,On-Time,MSME_885123157
08,2024,20,36000.0,On-Time,MSME_885123157
09,2024,20,36000.0,Delayed,MSME_885123157
10,2024,20,36000.0,On-Time,MSME_885123157
11,2024,20,36000.0,On-Time,MSME_885123157
12,2024,20,36000.0,On-Time,MSME_885123157
01,2025,20,36000.0,On-Time,MSME_885123157
02,2025,20,36000.0,On-Time,MSME_885123157
03,2025,20,36000.0,On-Time,MSME_885123157
04,2025,20,36000.0,Delayed,MSME_885123157
05,2025,20,36000.0,On-Time,MSME_885123157
06,2025,20,36000.0,On-Time,MSME_885123157
07,2025,20,36000.0,Delayed,MSME_885123157
08,2025,20,36000.0,On-Time,MSME_885123157
09,2025,20,36000.0,On-Time,MSME_885123157
10,2025,20,36000.0,On-Time,MSME_885123157
11,2025,20,36000.0,On-Time,MSME_885123157
12,2025,20,36000.0,Delayed,MSME_885123157
01,2026,20,36000.0,On-Time,MSME_885123157
02,2026,20,36000.0,On-Time,MSME_885123157
03,2026,20,36000.0,Delayed,MSME_885123157
04,2026,20,36000.0,On-Time,MSME_885123157
05,2026,20,36000.0,Delayed,MSME_885123157
06,2026,21,37800.0,On-Time,MSME_885123157
07,2024,13,23400.0,On-Time,MSME_230053650
08,2024,13,23400.0,On-Time,MSME_230053650
09,2024,13,23400.0,On-Time,MSME_230053650
10,2024,13,23400.0,On-Time,MSME_230053650
11,2024,13,23400.0,On-Time,MSME_230053650
12,2024,13,23400.0,On-Time,MSME_230053650
01,2025,13,23400.0,On-Time,MSME_230053650
02,2025,13,23400.0,On-Time,MSME_230053650
03,2025,13,23400.0,On-Time,MSME_230053650
04,2025,14,25200.0,On-Time,MSME_230053650
05,2025,14,25200.0,On-Time,MSME_230053650
06,2025,14,25200.0,On-Time,MSME_230053650
07,2025,14,25200.0,On-Time,MSME_230053650
08,2025,14,25200.0,On-Time,MSME_230053650
09,2025,14,25200.0,On-Time,MSME_230053650
10,2025,14,25200.0,On-Time,MSME_230053650
11,2025,14,25200.0,On-Time,MSME_230053650
12,2025,14,25200.0,On-Time,MSME_230053650
01,2026,15,27000.0,On-Time,MSME_230053650
02,2026,15,27000.0,On-Time,MSME_230053650
03,2026,15,27000.0,On-Time,MSME_230053650
04,2026,15,27000.0,On-Time,MSME_230053650
05,2026,15,27000.0,On-Time,MSME_230053650
06,2026,15,27000.0,On-Time,MSME_230053650
07,2024,21,37800.0,On-Time,MSME_648737137
08,2024,21,37800.0,Delayed,MSME_648737137
09,2024,21,37800.0,On-Time,MSME_648737137
10,2024,21,37800.0,Delayed,MSME_648737137
11,2024,21,37800.0,Delayed,MSME_648737137
12,2024,21,37800.0,On-Time,MSME_648737137
01,2025,21,37800.0,On-Time,MSME_648737137
02,2025,21,37800.0,Delayed,MSME_648737137
03,2025,21,37800.0,On-Time,MSME_648737137
04,2025,21,37800.0,On-Time,MSME_648737137
05,2025,21,37800.0,On-Time,MSME_648737137
06,2025,21,37800.0,Delayed,MSME_648737137
07,2025,21,37800.0,On-Time,MSME_648737137
08,2025,21,37800.0,On-Time,MSME_648737137
09,2025,21,37800.0,Delayed,MSME_648737137
10,2025,21,37800.0,On-Time,MSME_648737137
11,2025,21,37800.0,On-Time,MSME_648737137
12,2025,21,37800.0,On-Time,MSME_648737137
01,2026,21,37800.0,Delayed,MSME_648737137
02,2026,21,37800.0,Delayed,MSME_648737137
03,2026,21,37800.0,Delayed,MSME_648737137
04,2026,21,37800.0,Delayed,MSME_648737137
05,2026,22,39600.0,On-Time,MSME_648737137
06,2026,22,39600.0,Delayed,MSME_648737137
07,2024,9,16200.0,On-Time,MSME_886018869
08,2024,8,14400.0,Delayed,MSME_886018869
09,2024,8,14400.0,On-Time,MSME_886018869
10,2024,8,14400.0,Delayed,MSME_886018869
11,2024,8,14400.0,Delayed,MSME_886018869
12,2024,8,14400.0,Delayed,MSME_886018869
01,2025,8,14400.0,Delayed,MSME_886018869
02,2025,8,14400.0,On-Time,MSME_886018869
03,2025,8,14400.0,Delayed,MSME_886018869
04,2025,8,14400.0,Delayed,MSME_886018869
05,2025,8,14400.0,On-Time,MSME_886018869
06,2025,8,14400.0,Delayed,MSME_886018869
07,2025,8,14400.0,Delayed,MSME_886018869
08,2025,7,12600.0,Delayed,MSME_886018869
09,2025,7,12600.0,Delayed,MSME_886018869
10,2025,7,12600.0,Delayed,MSME_886018869
11,2025,7,12600.0,On-Time,MSME_886018869
12,2025,7,12600.0,Delayed,MSME_886018869
01,2026,7,12600.0,Delayed,MSME_886018869
02,2026,7,12600.0,On-Time,MSME_886018869
03,2026,7,12600.0,Delayed,MSME_886018869
04,2026,7,12600.0,Delayed,MSME_886018869
05,2026,7,12600.0,Delayed,MSME_886018869
06,2026,7,12600.0,Delayed,MSME_886018869
